1	“只要有恒心”的下一句是什么？	 必定有钱剩	 铁柱磨成针	 天下无敌人	 点石可成金	2
2	《聊斋志异》的作者是谁？	 曹雪芹	 蒲松龄	 施耐庵	 笑笑生	2
3	提出著名的韦达公式的数学家韦达，是哪国人？	 英国	 法国	 德国	 俄国	2
4	尤西比奥是哪个国家的球星？	 西班牙	 南斯拉夫	 法国	 葡萄牙	4
5	《尝试集》的作者是谁？	 鲁迅	 胡适	 郭沫若	 矛盾	2
6	Windows.Net技术的核心是什么？	 提供电子商务	 实现分布式计算	 新开主页更方便	 提供额外的网络安全性	1
7	我们常称风韵犹存的中年妇女为“半老徐娘”，这个“徐娘”原是指一位？	 王妃	 农家妇女	 女将军	 明代徐文长的母亲	1
8	“法律面前人人平等”是什么人最先提出来的：	 中国人	 法国人	 英国人	 美国人	2
9	鱼露是一种：	 咸味调料	 甜味调料	 酸味调料	 鲜味调料	1
10	下列食品中，哪个含钙量最高？	 骨头汤	 水果	 葡萄糖	 奶及奶制品	2
11	铁达尼号游轮是哪一年沉没的？	 1910年	 1911年	 1912年	 1913年	3
12	世界最著名的十大海峡中，位于印度南端和斯里兰卡岛北部之间的是什么海峡？	 保克海峡	 白令海峡	 马六甲海峡	 对马海峡	1
13	世界最著名的十大海峡中，位于前苏联东部与美国西部之间的是什么海峡？	 白令海峡	 马六甲海峡	 保克海峡	 对马海峡	1
14	歌德写《浮士德》用了多长时间？	 30年	 40年	 50年	 60年	4
15	以下哪部戏剧的作者是明朝人？	 《汉宫秋》	 《赵氏孤儿》	 《娇红记》	 《精忠谱》	3
16	2002世界杯韩国同意大利的比赛中谁顶入了一个金球？	 朴智星	 安贞焕	 崔龙洙	 金泰映	2
17	2002日韩世界杯第一次点球大战中西班牙门将共扑出几个球？	1	2	3	4	2
18	《浪客剑心》中绯村剑心脸上竖着的伤疤是谁划上的？	 雪代巴	 雪代缘	 雪代巴的未婚夫	 自己	3
19	四大名亭中的陶然亭是因为谁的诗句得名的？	 欧阳修	 白居易	 陶渊明	 杜牧	2
20	人的五感中那个感觉反应最快？	 嗅觉	 视觉	 听觉	 味觉	4
21	下列官名中那个不是唐朝的官名？	 尚书	 黄门	 巡按	 殿中	4
22	巴金几岁写成长篇小说《家》？	 27岁	 28岁	 29岁	 30岁	1
23	十岁以下的小娃娃就当了皇帝的，在中国历史上共有几个？	 19位	 22位	 25位	 29位	4
24	在位时间最短的皇帝是东汉的刘贺，他只当了多久的皇帝就被废除了？	 25天	 26天	 27天	 28天	3
25	有“世界花城”之称的是那个城市？	 纽约	 伦敦	 巴黎	 华盛顿	3
26	世界上最早的银行始建于哪个国家？	 意大利	 美国	 法国	 瑞士	1
27	98年法国世界杯冠亚军比分是多少？	 1:0	 2:1	 3:0	 3:2	3
28	“垂帘听政”始于何时？	 宋朝	 元朝	 唐朝	 清朝	3
29	冰球十九世纪七十年代起源于那个国家？	 美国	 英国	 加拿大	 爱尔兰	3
30	排球1895年始于那个国家？	 日本	 英国	 荷兰	 美国	4
31	乒乓球十九世纪始于那个国家？	 中国	 瑞典	 法国	 英国	4
32	伟大的文学家、革命家鲁迅先生逝世于哪一年？	1936	1937	1938	1939	1
33	历史剧《屈原》是谁的作品？	 胡适	 郭沫若	 矛盾	 郁达夫	2
34	小说《沉沦》是谁的作品？	 矛盾	 郁达夫	 郭沫若	 老舍	2
35	下列哪部小说是郁达夫先生的作品？	 锻炼	 南迁	 子夜	 寒冬	2
36	“碧云天，黄叶地，北雁南飞”语出：	 《墙头马上》	 《窦娥冤》	 《西厢记》	 《牡丹亭》	3
37	一个帝王陵区只有一个主神道，一般修在谁的陵前？	 第一个埋葬者	 年龄最大者	 统治时间最长者	 国力最昌盛者	1
38	古时代，地中海沿岸地区以一种豆角树上的一部分作为计量黄金重量的测量标准。请问：其所用的是豆角树的哪一部分？	 树根	 豆夹	 树叶	 豆仁	4
39	“杵臼交”多用来指不计身份而结交的朋友。这里的“杵臼”在古代是用来做什么的？	 捣米	 打水	 磨面	 榨油	1
40	欧元什么时候正式诞生？	 1999年1月1日	 1999年7月1日	 1999年12月1日	 1999年2月1日	1
41	目前观测到的距地球最近的一颗恒星位于：	 织女座	 仙女座	 半人马座	 大熊座	3
42	古人说的“酢”指的是今天的：	 酱油	 豆油	 醋	 酒	3
43	人体最大的解毒器官是：	 胃	 肾脏	 肝脏	 脾	3
44	我国最先出现的纸币是：	 元代的“宝钞”	 元代的“交子”	 宋代的“宝钞”	 宋代的“交子”	4
45	王安石变法发生在宋朝哪个皇帝在位期间？	 仁宗	 神宗	 哲宗	 高宗	2
46	古人所谓“黄道”是哪种天体运行周年的轨道？	 金星	 月亮	 太阳	 地球	3
47	下面提供的几种识别矿泉水真假的方法哪一种是错误的？	 在日光下无色透明	 折光率较自来水大	 矿化度较自来水大	 同温下吸热速度快于自来水	4
48	漫画《三毛流浪记》的作者是：	 齐白石	 丰子凯	 张乐平	 张大千	3
49	下列哪个是酒类广告中不应出现的内容？	 倡导人们饮酒	 饮酒后的表情	 未成年人饮酒	 驾驶汽车	4
50	下列哪一个与世界著名文学大师海明威有关？	 《麦琪的礼物》	 诺贝尔文学奖	 美国	 冒险	3
51	金庸挂印封笔，金盆洗手于多少年？	1970	1971	1972	1973	3
52	《指环王》中的指环可以让人？	 不死	 隐身	 透视	 施展魔法	2
53	以下哪些作品不是宫崎骏的作品？	 千与千寻的神隐	 龙猫	 红发少女安妮	 天空的守护神	4
54	如果把一个成人的全部血管连接起来，其长度接近多少公里？	 10公里	 1000公里	 10000公里	 10万公里	4
55	孔泰发明的现在通用的铅笔是由石墨和什么混合制成的？	 铅粉	 粘土	 松香	 硫磺	2
56	促进人体胃肠吸收钙的重要物质是：	 维生素A	 维生素B	 维生素C	 维生素D	4
57	下列哪部小说是日本作家夏目漱石的作品？	 《玩偶之家》	 《群鬼》	 《我是猫》	 《沉船》	3
58	《星星索》是哪一国家的民歌？	 日本	 俄罗斯	 印度尼西亚	 印度	3
59	在世界上首创用汤药治病的是：	 孙思邈	 扁鹊	 李时珍	 伊尹	4
60	豆科植物可通过根瘤菌固定哪种元素？	 氮	 磷	 钾	 氧	1
61	母乳是婴儿的最佳食品，以下五种营养素中，哪一种营养素牛乳中的含量比母乳中的高？	 氨基酸	 脂肪	 钙	 维生素C	3
62	味精的鲜味来自谷氨酸，它最早发现于什么汤中？	 鸡汤	 海带汤	 竹笋汤	 鱼汤	2
63	战国时郭隗对燕昭王说“请自隗始”，是指他开始干什么呢？	 清查财产	 聘请任用	 晋升高官	 撤职查办	2
64	个体户全年经营收入扣除成本、费用、损失，余额缴纳：	 企业所得税	 个人所得税	 营业税	 私营企业所得税	2
65	最能反映骨骼发育的重要指标是	 胸围	 牙齿数	 坐高	 身长	4
66	下列各朝代疆域西至最远的是：	 秦朝	 唐朝	 宋朝	 清朝	2
67	“三北”防护林体系不包括的省区有：	 黑龙江	 山西	 河南	 青海	3
68	全国性抗日战争爆发的标志是？	 九一八事件	 七七事件	 一一八事件	 一二八事件	2
69	以下哪种动物是软体动物？	 蜗牛	 蚕	 变形虫	 水蛭	1
70	赤壁之战中，假装投降以接近曹军的吴国将领是：	 黄忠	 黄巢	 黄盖	 姜维	3
71	下列人物中，哪一个是罗马神话中的神？	 雅典娜	 朱庇特	 蚩尤	 黑天	2
72	“沙龙”Salon是从哪国传进的外来语？	 英国	 法国	 美国	 俄国	2
73	下列人种的分布中，纯属人口迁移造成的是：	 非洲白色人种	 澳洲棕色人种	 亚洲白色人种	 美洲黑色人种	4
74	雪莲花的颜色是：	 深红色	 粉色	 白色	 黄色	1
75	企鹅产卵的季节一般是：	 春季	 夏季	 秋季	 冬季	3
76	“草圣”是指那位书法家？	 张旭	 王羲之	 张芝	 怀素	1
77	在世界史上，“两河文明”中的两河是指幼发拉底河与：	 底格里斯河	 尼罗河	 恒河	 黄河	1
78	“初唐四杰”中有：	 王绩	 王勃	 王维	 王之焕	2
79	《资政新篇》是哪一时期的纲领性文件？	 太平天国后期	 洋务运动	 清末预备立宪	 戊戌变法	1
80	有“小提琴之王”之称的作曲家是：	 帕格尼尼	 贝多芬	 海顿	 莫扎特	1
81	中国第一座佛教寺院是哪一座？	 北京潭柘寺	 洛阳白马寺	 五台山清凉寺	 蒿山少林寺	2
82	由于钙质流失，容易出现维生素D缺乏症，导致腰腿发软，骨质疏松，下列哪项不是补充维生素D？	 经常晒太阳	 多食用动物肝脏	 多吃牛奶和鸡蛋	 多吃猕猴桃等水果	4
83	最古老的医院是设在：	 学校里	 教堂里	 宫廷里	 集市里	2
84	杜康酒的产地在我国的：	 河南	 山西	 陕西	 山东	1
85	“一衣带水”的水是指哪条河流？	 长江	 黄河	 珠江	 黑龙江	1
86	文学名篇《人变兽》的作者是哪一位作家？	 鲁迅	 矛盾	 闻一多	 徐志摩	4
87	在下列足球明星中，有“独狼”称号的是谁？	 古力特	 罗西纳尔多	 古岳疵鞅说侣	 罗马里奥	4
88	在小说《侠客行》中，石破天的玄铁令是从那里得来的？	 一块烧饼中	 一本书中	 一口井里	 路上捡到的	1
89	被称为“英雄树”的是哪种植物？	 龙眼	 木棉	 富贵菊	 莲花	2
90	中国的传统手工艺---景泰蓝在哪一历史时期发展最快？	 明景泰年间	 明宣德年间	 明万历年间	 清康熙年间	1
91	“景泰蓝”是何地的特种工艺？	 北京	 上海	 南京	 杭州	1
92	贝多芬一生创作了多少首钢琴奏鸣曲？	27	28	32	45	3
93	五子棋段位制最高为：	 一段	 六	 九段	 十二段	3
94	按有关法律规定，经营者可以从事的抽奖式有奖销售，最高奖的奖金额的限度是：	 五千元人民币	 五万人民币	 一百万人民币	 五百万人民币	1
95	我们日常的主食基本上属于什么食物？	 酸性食物	 碱性食物	 中性食物	 半酸半碱食物	1
96	公元前594年，实行“初税亩”，按亩收税的国家是：	 楚国	 鲁国	 郑国	 魏国	2
97	中国虽然不是双姓大国，但还是有不少双姓，请问以下哪个不是双姓？	 东郭	 诸葛	 羊舌	 三台	4
98	《阿里山的姑娘》是哪个少数民族的民歌？	 苗族民歌	 彝族民歌	 高山族民歌	 黎族民歌	3
99	青蛙除了用肺外还用什么器官呼吸？	 肌肉	 皮肤	 脾脏	 肝脏	2
100	下列影片中，以歌颂少数民族新生活为题材的是：	 《李双双》	 《洞箫横吹》	 《柳堡的故事》	 《达吉和她的父亲》	4
101	在江浙一带最流行的地方戏曲是：	 越剧	 黄梅戏	 京剧	 昆曲	1
102	2001年北京主办的世界大运会是第几届？	20	21	22	23	2
103	科学家把猪、牛、羊、马一起关在施放了有毒氯气的环境中作试验，它们中谁逃脱了厄运？	 猪	 牛	 羊	 马	1
104	“运斤成风”比喻技艺神异，手法熟练，这个“斤”字是指：	 石墩	 铜锤	 斧子	 铁棍	3
105	《嘎达梅林》是哪个民族的叙事歌曲？	 维吾尔族	 哈萨克族	 蒙古族	 达斡尔	3
106	我国的哪一个城市素有“日光之城”的美称？	 厦门	 青岛	 三亚	 拉萨	4
107	“何处招魂，香草还生三户地；当年呵壁，湘流应识九歌心”，这幅对联说的是：	 贾谊	 诸葛亮	 屈原	 文天祥	3
108	世界上最深的海沟位于：	 太平洋	 大西洋	 北冰洋	 印度洋	1
109	国际上用“K”表示含金量，18K表示含金量为：	90%	83%	75%	50%	3
110	“德育、智育、体育三者，为教育缺一不可之物”是我国近代哪位著名历史人物说的话？	 梁启超	 蔡元培	 周恩来	 毛泽东	1
111	民间故事“八仙过海”中的“八仙”和谁属一教派？	 太上老君	 观音菩萨	 摩西	 惠能和尚	1
112	“似曾相识燕归来”的上一句是：	 无可奈何花落去	 相逢一笑泯恩仇	 东边日出西边雨	 双手推开床前月	1
113	避雷针的发明者是：	 富兰克林	 爱迪生	 伏打	 莫尔斯	1
114	为什么汗水湿透的背心不能用热水洗？	 汗水里含有少量蛋白	 避免把衣服烫坏	 只有特殊料的衣服才不宜用热水洗	 不用热水可以节约用水	1
115	“孺子牛”原指：	 小牛	 小孩牵的牛	 小孩牵人假扮的牛	 小孩牵的小牛	3
116	“民告官”是以下哪种法律行为的俗称？	 刑事诉讼	 民事诉讼	 行政诉讼	 劳动仲裁	3
117	七大洲中面积最小的是：	 非洲	 大洋洲	 南极洲	 北美洲	3
118	以下哪一个阶级，不属于法国大革命前的第三等级？	 农民	 下级教士	 资产阶级	 手工业者	2
119	是哪国人最先制作出了牛奶巧克力？	 英国	 西班牙	 意大利	 瑞士	4
120	“轻于鸿毛”中的鸿毛是哪种动物的毛？	 羊	 大雁	 鸡	 鸭	2
121	从抹香鲸体内提炼出的香料是：	 百里香	 沉水香	 麝香	 龙涎香	4
122	“人生能有几回搏”这句名言最初出自哪位运动员？	 容国团	 许海峰	 郎平	 聂卫平	1
123	以下哪种食品不适于小儿冬季补益？	 山楂	 红小豆	 茯苓	 何首乌	4
124	吉它有几根弦？	 4根	 6根	 7根	 9根	2
125	血管破裂时，血液中的什么物质会凝结成块，堵住破裂部分以止血？	 红血球	 白血球	 血小板	 血清	3
126	我国古代称生什么为“弄瓦”？	 男孩	 女孩	 第一个孩子	 第二个孩子	2
127	“得道者多助，失道者寡助”出自哪一本古代典籍？	 《左传》	 《战国策》	 《孟子》	 《庄子》	3
128	父母和一个已婚子女及其配偶、后代所组成的家庭属于什么类型的家庭？	 复合家庭	 单身家庭	 核心家庭	 直系家庭	4
129	万里长城起于山海关，终止于：	 玉门关	 嘉峪关	 居庸关	 雁门关	2
130	“百会穴”在：	 两眉间	 头顶正中	 上唇正中	 后脑上	2
131	从何时起，对最高统治者称“王”？	 夏	 商	 春秋	 周	2
132	大雁塔在哪里？	 苏州	 杭州	 南京	 西安	4
133	平面直角坐标系中，右下方为第几象限？	 第一象限	 第二象限	 第三象限	 第四象限	4
134	龙在十二生肖中排行第几？	3	4	5	6	3
135	“五十步笑百步”出自：	 《三国志》	 《孟子》	 《晏子春秋》	 《三国演义》	2
136	我国盛产茶花的城市是：	 长沙	 成都	 昆明	 大理	4
137	诗句“落花时节又逢君”中的“君”指的是：	 李白	 杜甫	 李商隐	 李龟年	4
138	冻疮是由于皮肤哪一部分受损而引起的？	 毛囊	 汗腺	 竖毛肌	 毛细血管	4
139	银杏属于什么种类水果？	 仁果类	 核果类	 竖果类	 复果类	3
140	哪种病人不宜饮茶？	 心血管疾病	 急性胃肠炎	 溃疡病	 肾衰竭	3
141	“悄悄地挥一挥手，不带走一片云彩”的是诗人：	 徐志摩	 舒婷	 席慕容	 北岛	1
142	“变脸”是哪个剧种的绝活？	 京剧	 豫剧	 粤剧	 川剧	4
143	汽车在什么状态下排放的一氧化碳最多：	 高速行驶	 中速行驶	 低速行驶	 停车状态开发动机	4
144	在下列土地使用权出让的项目中哪种用地得到的出让土地使用权的年限最高？	 居住使用	 工业使用	 教育使用	 商业使用	1
145	世界上有一个地方，每年有两个月没有白天，又有近3个月没有黑夜，这里是：	 美国最北部的巴罗镇	 冰岛	 中国的漠河	 澳大利亚	1
146	人们最早是从哪种动物身上得知咖啡的作用的？	 驴	 羊	 兔子	 牛	2
147	美国微软公司的总部设在	 美国西部	 美国东部	 美国南部	 美国北部	1
148	女方在怀孕期间、分娩后多长时间内，男方不得提出离婚？	 半年	 1年	 1年半	 2年	2
149	美丽的极光多出现在极地上空，这是因为：	 极夜期间天空黑暗	 地球磁场作用的结果	 极地气候异常寒冷	 太阳斜射极地高层大气	2
150	《笑傲江湖》中的乔峰，身世埋在雁门关下。雁门关在：	 新疆	 宁夏	 山西	 陕西	3
151	摄影镜头上的镀膜的作用是：	 提高透镜反射率	 降低镜头透光力	 减少光线的乱反射	 加强光晕现象	3
152	用有盖的茶碗沏的茶叫“盖碗茶”，是哪个民族的一种饮茶风俗？	 满	 壮	 回	 白	3
153	从人物所处的时代角度，选出不同的一项是：	 王安石	 范仲淹	 欧阳修	 韩愈	4
154	狗的鼻尖为什么经常是湿乎乎的？	 滋润嗅觉细胞的分泌物	 经常喝水而弄湿的	 鼻子怕冷而冻出来的	 经常用唾液清洗	1
155	“业精于勤，而荒于嬉”是中国哪位古人提出来的思想？	 孔子	 孟子	 柳宗元	 韩愈	4
156	消防队救火：	 收费	 不收费	 收取部分费用	 视情况而定	2
157	“六畜兴旺”中的“六畜”是指猪、牛、马、羊、狗、鸡六种，其中人工驯化最早的是：	 猪	 马	 鸡	 牛	1
158	小王在“满百元，送五十元购物券”的促销活动中买了150元的裤子，大体等于打：	 5折	 65折	 67折	 75折	4
159	“玫瑰王国”是指哪个国家？	 罗马尼亚	 保加利亚	 法国	 英国	2
160	“琵琶”中的“琵”和“琶”最初指的是：	 两种弹奏方法	 两种乐器	 两个人	 两种植物	1
161	康熙皇帝的庙号是：	 仁宗	 太宗	 圣祖	 世祖	3
162	在高速公路上行驶的机动车辆如果遇到能见度小于50米的大雾，最高时速不得超过多少？	 20公里	 25公里	 30公里	 35公里	1
163	在云南，湖泊习惯上被称为：	 淀	 泊	 泽	 海	4
164	下面哪一个不属于长江三峡：	 西陵峡	 虎跳峡	 瞿塘峡	 巫峡	2
165	下列责任中，不属于民事责任的是：	 返还财产	 赔偿损失	 排除妨碍	 罚款	4
166	玩桥牌时，首局由哪家开始叫牌？	 东家	 南家	 西家	 北家	4
167	如果一个1.7公里大小的撞击物冲撞地球，全球气温将会：	 上升100度左右	 下降100度左右	 上升10度左右	 下降10度左右	4
168	“明月几时有？把酒问青天。”是谁的诗词？	 李白	 白居易	 苏东坡	 杜甫	3
169	树的年轮的形成和下列哪项条件有直接关系？	 雨水	 温度	 地势	 阳光	1
170	我们日常吃的紫菜属于下列哪种藻类？	 红藻	 褐藻	 绿藻	 黄藻	1
171	现在大力保护大气臭氧层，原因是臭氧层能够吸收：	 二氧化碳	 高能紫外线	 一氧化碳	 红外线	2
172	“问君能有几多愁”诗句的下句是：	 才下眉头，却上心头	 恰似一江春水向东流	 剪不断，理还乱	 却道天凉好个秋	2
173	通常鱼在一年四季中什么时候长得最慢？	 春天	 夏天	 秋天	 冬天	4
174	下列名称不属于二十四节气的是：	 谷雨	 芒种	 大伏	 大雪	3
175	王洛宾整理的《花儿与少年》是哪个地区的民歌？	 新疆	 西藏	 青海	 内蒙	3
176	穿什么颜色的衣服的人更容易挨蚊子叮？	 黑色	 白色	 黄色	 红色	1
177	语言中最小的声音和意义的结合体称为：	 音素	 音节	 语素	 词	3
178	人体呼吸系统的组成是：	 鼻腔和气管	 气管和肺	 气管和支气管	 呼吸道和肺	4
179	使用电磁波对金属工件内部进行检测的方法叫：	 超声检测	 射线探伤	 渗透探查	 涡流检测	2
180	藏历新年，人们见面时都要说“扎西德勒”是什么意思？	 吉祥如意	 新年快乐	 你真漂亮	 佛保佑你	1
181	“黄果树瀑布”位于哪个省？	 湖南	 贵州	 四川	 江西	2
182	举重时运动员为什么搓白粉？	 使手变的粗糙	 吸取手上的汗	 刺激肌肉	 保护皮肤	2
183	当前很多高科技公司都设了CIO这个职位，CIO的意思是：	 首席执行官	 首席信息官	 首席技术官	 首席财务官	2
184	照片中的人有时会出现红眼，眼中的红色来自哪里？	 太阳光	 红色灯光	 人的眼睛	 闪光灯	3
185	下令“破釜沉舟”的我国古代将领是：	 项庄	 项羽	 刘邦	 张良	2
186	最简单的有机化合物是：	 甲烷	 甲醛	 甲烯	 甲醇	1
187	有权做出批准或决定逮捕决定的国家机关是？	 公安局	 司法局	 人民检察院	 人民法院	3
188	我国古代《二十四史》的第一部是：	 史记	 左传	 春秋	 易经	1
189	ISO14000认证是哪一方面的认证？	 商业	 交通	 环保	 能源	3
190	下列哪一项不属于华表曾经具有的功能？	 标示道路	 发表意见	 皇家建筑的标志	 悬挂路灯	4
191	下列属于哺乳动物的是？	 恐龙	 蝙蝠	 文昌鱼	 麻雀	2
192	中国在国际货币基金组织中属于：	 观察员	 正式成员	 准成员	 非成员	2
193	“问世间，情是何物，直教生死相许”语出：	 李莫愁	 金庸	 元好问	 李商隐	3
194	下列不属于我国西部大开发的省份是：	 青海	 陕西	 新疆	 山西	4
195	世界上的哪个国家有“黄金海岸”之称？	 西班牙	 加纳	 秘鲁	 越南	2
196	少林寺位于五岳中的哪一岳？	 东岳	 西岳	 中岳	 南岳	3
197	最初在文学中三部曲：	 只有悲剧没有喜剧	 只有喜剧没有悲剧	 只有议论文没有小说	 只有小说没有议论文	1
198	世界卫生组织的新健康标准为“五好三良”，请问下列哪项不属于“五好”的范围？	 胃口好、不挑食	 睡眠好	 口才好、讲话流畅	 头脑好、思维敏捷	4
199	世界电信日是哪一天？	 5月17日	 6月17日	 4月17日	 4月16日	1
200	世界环境日是哪一天？	 3月12日	 3月5日	 6月5日	 6月12日	3
201	世界地球日是哪一天？	 3月21日	 4月22日	 4月23日	 4月26日	2
202	“大夫”在我国古代是指：	 医生	 侍卫	 官职	 丈夫	3
203	英国占领加拿大之后将当地的法国人怎样了？	 全部杀死	 驱逐出境	 把他们赶到遥远的加拿大西部	 什么也没做	2
204	“Moonlighting”是什么意思？	 月光下苦读	 玩土著人发明的“月光灯”	 房子上挂彩灯	 晚上的第二职业	4
205	连接几段网线以增加距离时，使用哪件设备最佳？	 ＢＮＣ接头	 集线器	 中继器	 路由器	3
206	1986年世界杯足球赛的最佳射手是：	 马拉多纳	 卡雷卡	 普拉蒂尼	 莱因克尔	4
207	1982年世界杯足球赛在那里举行？	 墨西哥	 比利时	 西班牙	 阿根廷	3
208	1994年中国甲A联赛最佳射手是谁？	 范志毅	 郝海东	 胡志军	 宿茂榛	3
209	按照我国合同法的规定，当事人对合同变更的内容约定不明确时：	 推定自始没有订立合同	 视为合同解除	 确定为未变更	 视为合同自始未成立	3
210	著名水城威尼斯共有118个：	 水道	 小岛	 桥梁	 尖顶楼	2
211	著名水城威尼斯共有多少个小岛？	118	128	98	88	1
212	最早的冷冻机以什么为制冷剂？	 氨	 氮	 乙醚	 氟	3
213	下列哪项不是我国《消费者权益保护法》中规定的消费者的权利？	 保障安全权	 提供信息权	 公平交易权	 获得赔偿权	2
214	五谷中的‘菽’是指什么？	 谷子	 大豆	 玉米	 高梁	2
215	《天演论》是我国近代哪位著名的思想家翻译的？	 魏源	 梁启超	 严复	 胡适	3
216	在唐代长安城经常可以见到的“新罗人”是现今我们所说的：	 朝鲜人	 越南人	 俄国人	 新疆人	1
217	“东施效颦”出自：	 《孟子》	 《庄子》	 《论语》	 《红楼梦》	2
218	左传、公羊传、谷梁传三部书，是哪本书的演绎？	 春秋	 尚书	 诗经	 史记	1
219	杜甫的诗《江南逢李龟年》中的李龟年是哪个朝代的人？	 唐朝	 宋朝	 明朝	 元朝	1
220	山脉常成为气候的分界线，以下四个山脉哪个是暖温带和中温带的分界线？	 天山	 祁连山	 秦岭	 大巴山	1
221	亚洲首次举办奥运会是哪一届？	 16届	 17届	 18届	 19届	3
222	阳春白雪和下里巴人源于什么时代？	 春秋	 战国	 秦代	 唐代	2
223	东汉末年我国的一位杰出的医学家是：	 扁鹊	 华佗	 李时珍	 叶天士	2
224	请选出不在东非大裂谷带上的国家：	 扎伊尔	 埃塞俄比亚	 摩洛哥	 肯尼亚	3
225	天空上的星星为什么有的亮，有的暗？	 大小不一样	 发光能力不一样	 方向不同	 距离不同	2
226	“百岁神医”孙思邈是世界上第一个发明导尿术的人，您知道他是用什么导尿的吗？	 竹签	 苇管	 葱管	 秫秸	3
227	烹调时使用哪种器皿会破坏食物营养素？	 不锈钢器皿	 钢锅	 玻璃器皿	 搪瓷器皿	2
228	西伯利亚的房屋一般都是歪歪斜斜的，这是因为：	 这里发生过地震	 冬夏气温变化	 大风吹的结果	 特意设计的	2
229	中国共产党的第十六次代表大会于11月多少日举行？	5	8	11	15	2
230	江泽民主席首次提出“三个代表”的重要思想是在哪年哪月哪日？	 2000/2/25	 2000/3/15	 2001/2/25	 2001/3/15	1
231	江泽民主席在哪里首次提出“三个代表”的重要思想？	 广东	 湖南	 湖北	 上海	1
232	香港艺人郑裕玲今年多大？	38	40	42	45	4
233	中国足球彩票于哪年哪月哪日开始发售？	 2001/10/22	 2000/10/12	 2000/10/22	 2001/10/12	1
234	广东足球彩票发行一年来，共产生多少个百万富翁？	33	83	123	133	3
235	2002年10月28日，九届全国人大常委会第30次会议通过议案，任命谁为交通部部长？	 张春贤	 王云龙	 黄镇东	 杨资元	1
236	在中国宪法史上，由劳动人民制定的第一部宪法性文件是：	 《中华苏维埃共和国宪法大纲》	 《抗日救国十大纲领》	 《陕甘宁边区宪法原则》	 《陕甘宁边区施政纲领》	1
237	许多动物都拥有带电或发光的器官，对这些器官用途说法不正确的是：	 可以用作防卫手段	 可以用作导向手段	 可以用来照明	 可在两性接触中起作用	3
238	相传我国古代能作“掌上舞”的人是：	 杨玉环	 赵飞燕	 西施	 貂蝉	2
239	美国的国花是什么花？	 百合	 玫瑰	 丁香	 康乃馨	2
240	印度作家、诗人泰戈尔的主要诗集不包括：	 《红夹竹桃》	 《新月集》	 《飞鸟集》	 《吉檀迦利》	1
241	成语“三纸无驴”是指：	 人做事必须有明确的目标	 讽刺写文章废放话连篇不得要领	 讽刺人贪心不足必	 这些都不对	2
242	中国古代曾有多次的焚书事件，下列帝王焚书最多的是：	 秦始皇	 汉武帝	 朱元璋	 乾隆	4
243	“皇帝”作为国家元首的正式称号，始于：	 朱元璋	 汉武帝	 秦始皇	 商纣王	3
244	胰岛素是一种：	 脂类	 蛋白质	 碳水化合物	 酶	2
245	叶子寿命最长的植物是千岁兰，它的叶子能够存活多少年而从不凋谢？	 10年	 100年	 1000年	 500年	2
246	下面哪种酸，人在品尝时不是酸味的？	 琥珀酸	 苹果酸	 柠檬酸	 单宁酸	4
247	世界上第一个无产阶级政党是：	 巴黎公社	 德国社会民主工党	 英国工党	 匈牙利小农党	2
248	“贫不及素”中的“素”指的是？	 豆腐	 羊皮	 白米	 白色的帛	4
249	色布在什么水里浸泡一下再洗就不易褪色？	 糖水	 盐水	 苏打水	 烧开的水	2
250	“珍珠翡翠白玉汤”是：	 梅花大鼓	 传统相声	 天津快板	 评书	2
251	在“周处除三害”这个典故里，危害乡里的第三害是：	 猛虎	 蛟龙	 他自己	 土匪	3
252	破除满汉不通婚这个祖训的是：	 康熙	 雍正	 乾隆	 道光	3
253	人们在制作饼干、面包时常往里面掺进一些：	 苏打	 中苏打	 小苏打	 大苏打	3
254	被人们称为足球“恺撒大帝”的是：	 贝利	 克鲁伊夫	 贝肯鲍尔	 马拉多纳	3
255	地处黄河河套内，行政上属于内蒙古自治区的高原名称叫做：	 乌兰察布高原	 阿拉善高原	 鄂尔多斯高原	 呼伦贝尔高原	4
256	中国古代名医华佗为谁所杀？	 董卓	 曹操	 司马思	 吕布	2
257	侏罗纪属于地质年代中的哪一代？	 中生代	 新生代	 古生代	 元古代	1
258	法国一家出版社出版了一部诗集，创下了世界出版时间最短的记录，大约为：	 8小时	 24小时	 两天	 五天	1
259	“野兽主义”的代表画家是：	 马蒂斯	 毕加索	 梵高	 雷诺阿	1
260	最早系统地确定官职的是在：	 商朝	 西周初期	 春秋	 汉朝初期	2
261	反映酸性土壤的指示性植物是：	 铁芒萁	 碱蓬	 骆驼刺	 芦苇	1
262	歌剧《图兰朵》中采用了我国哪首民歌的曲调？	 采茶灯	 茉莉花	 兰花草	 小白菜	2
263	企业法人领取营业执照后，哪种情况发生，视同歇业？	 满6个月尚未开展经营活动	 停止经营活动两年	 经营亏损严重，负债数额较大的	 资不抵债的	1
264	华氏温标规定，一个标准大气压下，纯水的沸点为：	 32度	 212度	 180度	 120度	2
265	西凤酒是属于那种香型？	 酱香型	 其它香型	 清香型	 浓香型	2
266	英国科学家培根说过：读史使人明智，哲理使人…(请选择)	 精密	 聪慧	 深刻	 善辩	3
267	以下哪种作物原产于我国？	 玉米	 荔枝	 芝麻	 辣椒	2
268	被誉为“钢琴之王”的作曲家是：	 肖邦	 勃拉姆斯	 李斯特	 约翰・施特劳斯	3
269	在三倍放大镜下，三角板角的度数会：	 放大一倍	 放大三倍	 角度不变	 角度变化	3
270	《雪绒花》是哪部影片的插曲？	 《音乐之声》	 《魂断蓝桥》	 《毕业生》	 《第凡纳早餐》	1
271	世界上销售量最大的酒是：	 白酒	 葡萄酒	 啤酒	 米酒	3
272	汉武帝的谥号是“武”，它的意思是：	 经纬天地	 威强睿德	 行义悦民	 安民定政	2
273	下列哪句诗与“小荷才露尖尖角，早有蜻蜓立上头”出自同一作者？	 不知细叶谁裁出，二月春风似剪刀	 接天莲叶无穷碧，映日荷花别样红	 绿荫不减来时路，添得黄鹂四五声	 扬花榆荚无才思，惟解漫天作雪飞	2
274	由成语“墙头马上”的原意可知，元朝白朴所著的《墙头马上》属于什么类型的杂剧？	 武侠	 言情	 伦理	 历史	2
275	“哀其不幸，怒其不争”一语最早见于谁的文章？	 鲁迅	 郭沫若	 茅盾	 老舍	1
276	我国西晋的第一代皇帝名叫：	 曹丕	 司马睿	 司马炎	 司马懿	3
277	皮影戏中的皮影人物一般是用什么材料制成的？	 猪皮或马皮	 胶皮	 塑料	 驴皮或牛皮	4
278	我国都市里有一些受韩国流行音乐影响很大的中学生，媒体称之为：	 追星族	 新新人类	 追韩族	 哈韩族	4
279	以下哪种室内盆栽植物是常年开花的？	 牡丹	 非洲紫罗兰	 红桐草	 洋秋海棠	2
280	我国第一部在国际电影节上获奖的影片是？	 《定军山》	 《渔光曲》	 《祝福》	 《红高梁》	2
281	《四世同堂》主题区《重整河山待后生》属于哪一种曲艺形式？	 弹词	 道情	 鼓词	 牌子曲	3
282	发源于我国唯一注入北冰洋的河流是：	 倒淌河	 额尔齐斯河	 雅鲁藏布江	 松花江	2
283	通常刚产出的生漆是：	 乳白色	 淡黄色	 黄褐色	 紫黑色	1
284	关于“鸿沟”这个典故，表述有误的是：	 划鸿沟为界，出现在“楚汉相争”时	 按双方约定，鸿沟以东归汉	 鸿沟实际是一条河	 鸿沟现在河南省境内	2
285	我国刑法规定在我国领域内的犯罪是指：	 受害人居住地在我国领域内	 犯罪人居住地在我国领域内	 犯罪行为或结果有一项发生在我国领域内	 受害人与犯罪人均居住在我国领域内	3
286	下列史学著作中论及当时统治者的是：	 《史记》	 《汉书》	 《后汉书》	 《资治通鉴》	1
287	在“危如累卵”这个典故中，荀息为了说服晋灵公，把十二个什么东西垒起来，又在上面放了九个？	 石子	 棋子	 珍珠	 蜡烛	2
288	阿诗玛是我国云南哪个民族塑造的艺术形象？	 彝族	 瑶族	 白族	 苗族	1
289	陆地水中储量最大的水体是：	 地下水	 江河水	 冰川水	 湖泊水	3
290	多快的速度才能使卫星环绕地球运行？	 大于11.2千米/秒而小于16.4千米/秒	 大于7.9千米/秒而小于11.2千米/秒	 大于16.4千米/秒而小于18.2千米/秒	 大于7.9千米/秒而小于16.4千米/秒	2
291	世界上地势最低的国家是：	 芬兰	 冰岛	 挪威	 荷兰	4
292	哥特式建筑的代表作是：	 比萨大教堂	 巴黎圣母院	 圣彼得大教堂	 圣日维涅大教堂	2
293	时代歌手聂耳是哪里人？	 云南	 四川	 河南	 山东	1
294	圆周率大约值是多少？	0.8664	6.22	1.7321	3.1416	4
295	电台工作人员简称是什么？	 RC	 DC	 DJ	 RJ	3
296	黯然销魂掌的第16个招式是什么？	 心惊肉跳	 呆若木鸡	 六神不安	 力不从心	2
297	1996年中国甲A联赛最佳射手是谁？	 胡志军	 宿茂榛	 郝海东	 范志毅	2
298	“天长地久有时尽，此恨绵绵无绝期”选自哪里？	 长恨歌	 正气歌	 大风歌	 晚晴	1
299	Windows_2000_Datacenter_Server最多能够支持多少个CPU？	8	16	32	64	3
300	“执子之手，与子偕老”的出处？	 《诗经》	 《春秋》	 《楚辞》	 《孟子》	1
301	“问苍茫大地，谁主沉浮？”是谁说的？	 刘少奇	 毛泽东	 周恩来	 朱德	2
302	林黛玉《葬花辞》的最后一句是什么？	 伴月愿作一颗星	 柳丝榆荚自芳菲	 红消香断有谁怜	 花落人亡两不知	4
303	RGB(255，0，255)值的色彩是什么？	 浅灰色	 墨绿色	 紫红色	 柠檬色	3
304	我们白天看到的太阳是太阳的什么？	 光球层	 色球层	 平流层	 日冕	1
305	飞机的机翼用来干什么？	 增加升力	 控制方向	 控制拉升和下降	 没什么用	1
306	AM-9X空对空导弹的名称是什么？	 ALARM	 麻雀	 响尾蛇	 不死鸟	3
307	乙醇正确的分子式是怎样？	 C2H5OH	 CH3COH	 (NH)4CO3	 (NH)4HCO3	1
308	一千克铁和一千克木头哪个重？	 木头	 铁	 一样重	 没有可比性	3
309	核电站运用了放射性元素的什么来转化为电能？	 裂变	 聚变	 衰变	 化合	1
310	184是什么电话号码？	 邮编查询	 电话费查询	 免打扰服务登记	 特快专递服务	1
311	2002世界杯最先被淘汰出16强竞争的是哪支队？	 突尼斯	 沙特	 中国	 比利时	2
312	卯时相当于几点？	 5－7点	 7－9点	 9－11点	 3－5点	1
313	古典悲剧《汉宫秋》的作者是谁？	 纪君祥	 关汉卿	 白朴	 马致远	4
314	中国的三大姓分别是？	 陈、李、王	 陈、张、李	 张、王、李	 张、林、王	3
315	米卢曾经带领几支队伍参加过世界杯？	2	3	4	5	4
316	曹雪芹写《红楼梦》用了几年的时间？	 5年	 10年	 15年	 20年	2
317	奥运五环旗中的绿色环代表哪里？	 美洲	 欧洲	 澳洲	 亚洲	3
318	反映波兰作曲家肖邦生平的美国影片是：	 《翠堤春晓》	 《一曲难忘》	 《音乐之声》	 《雨中曲》	2
319	西游记中去西天取经的“唐三藏”真名叫什么？	 玄慈	 玄明	 唐僧	 玄奘	4
320	血液中的红细胞可以活多久？	 7天	 120天	 一生	 80天	2
321	国际通用的航海速度用“节”表示，一“节”表示多少？	 0.925公里/小时	 1.152公里/小时	 1.852公里/小时	 2.152公里/小时	3
322	今年初原长城公司的CDMA业务被移交给了哪一家公司？	 中国移动	 中国联通	 中国电信	 中国网通	2
323	以下哪种菜肴是湖南风味？	 凤翔驴肉	 开封豆腐干	 平湖糟蛋	 东安子鸡	4
324	菜刀生锈，除锈的方法最好用：	 用水洗	 用干布擦拭	 用洗涤精擦洗	 用切开的葱头擦拭	4
325	不同的塑料组成有很大差异，但主要原料都是：	 环氧化合物	 合成树脂	 石蜡	 聚氯乙烯	2
326	电影《刘三姐》是反映-什么民族的生活故事？	 壮族	 黎族	 瑶族	 苗族	1
327	《掷铁饼者》是什么时期的作品？	 文艺复兴时期	 古希腊时期	 古罗马时期	 资产阶级革命时期	2
328	祸起萧墙”的“萧墙”是家中的哪一堵墙？	 门墙	 后院墙	 东墙	 内隔墙	1
329	蒲松龄的故居在：	 山东淄博	 江苏徐州	 河北沧州	 河南洛阳	1
330	三元插件作者阿强哪一个软件曾经被《电脑爱好者》杂志配套光盘收录出版？	 点歌	 VCD片断截取	 硬盘保护神	 银行	2
331	标准键盘的“T”键左边那个是什么键？	 R	 S	 E	 Y	1
332	罗大佑的作品有：	 《恋曲1990》	 《乡间的小路》	 《外婆的澎湖湾》	 《同桌的你》	1
333	新四军是哪一地区抗日的主力？	 华北	 华东	 华南	 华中	4
334	地上、地下文物在我国居于首位的省分别是：	 山西、陕西	 河南、陕西	 河北、河南	 山西、河南	1
335	长白山天池略呈：	 蚕豆形	 圆形	 椭圆形	 菱形	3
336	金刚石的组成元素与下列什么物质相同：	 金子	 岩石	 石墨	 金刚砂	3
337	下列哪一个人物不是莎士比亚剧作当中的人物：	 克劳迪斯	 李尔王	 爱丽儿	 梅非斯特	4
338	中国的尼姑最早是何时出现的？	 夏朝	 唐朝	 南北朝	 金朝	3
339	下列音乐作品中，由柴可夫斯基作曲的是：	 悲怆交响曲	 月光奏鸣曲	 四季	 悲怆奏鸣曲	1
340	斯皮尔伯格执导的影片是：	 《泰坦尼克号》	 《蝙蝠侠》	 《辛德勒名单》	 《星球大战》	3
341	通常高级龙井茶的采制时间多在何时之前？	 清明节	 重阳节	 谷雨	 端午节	3
342	鲫鱼的内耳除了听觉以外，还有什么作用？	 平衡身体	 嗅觉	 探测超声波	 呼吸	1
343	成语“戴圆履方”之中“戴圆”是指：	 戴一顶帽子	 头顶天空	 头顶是圆的	 头上的建筑物是圆形的	2
344	在“罗雀掘鼠”典故中，人们捕雀挖鼠的目的是：	 除害以保护庄稼	 充饥	 交给收购者赚钱	 完成上级命令	2
345	“和平鸽”的形象由谁所创？	 列宾	 毕加索	 米罗	 马约尔	2
346	“大马哈鱼”在我国原产哪里？	 长江流域	 黄河流域	 黑龙江流域	 珠江流域	3
347	下列哪一个不是陕北民歌？	 信天游	 秧歌调	 酒曲	 评弹	4
348	塑料袋通常用什么来制造？	 聚苯乙烯	 聚乙烯	 聚氯乙烯	 聚脂碳酸	2
349	“孔”姓的来源是：	 诸侯受封的国名	 官职	 祖先的字	 帝王赐姓	3
350	地窖中如果存贮的蔬菜瓜果腐烂变质，会产生什么有毒气体？	 二氧化硫	 硫化氢	 甲烷	 二氧化碳	2
351	联合国旗帜图案是一双橄榄枝衬托着整个地球，这一图案取材于哪个故事？	 潘多拉的盒子	 诺亚方舟	 阿喀斯的脚后跟	 达摩克利斯之剑	2
352	五香除花椒、茴香子外还有包括什么？	 八角、辣椒、丁香	 八角、桂皮、丁香花蕾	 桂皮、六角、胡椒	 芥末、桂皮、八角	2
353	非洲石油产量最多的国家是：	 埃及	 乍得	 摩洛哥	 尼日利亚	4
354	蟋蟀的“耳朵”长在：	 头顶上	 前足的小腿节上	 触须上	 翅膀上	2
355	素有“煤铁之乡”之称的省份是哪一省？	 陕西省	 甘肃省	 山西省	 山东省	3
356	我们常用的标准键盘一共有多少个键位？	87	97	107	117	3
357	倍速光驱的传输率是？	 150KB/S	 300KB/S	 200KB/S	 250KB/S	1
358	以下哪个不是光驱的内部结构？	 主轴电机	 滚轮	 激光头控制	 托盘操控系统	2
359	举重比赛中，最重的杠铃片是：	 蓝色	 绿色	 红色	 黄色	2
360	我们所说的“一日”是指：	 地球自转一周所经历的时间	 地球公转一周所经历的时间	 地球自转半周所经历的时间	 地球公转半周所经历的时间	1
361	世界最重要的IT高科技产业基地硅谷位于美国的哪个州？	 密苏里州	 新泽西州	 华盛顿州	 加利弗尼亚州	4
362	“知天命”代指什么年纪？	 20岁	 70岁	 30岁	 50岁	4
363	中国古代哪个学派的主张，与绿色和平组织的思想相近？	 儒家	 道家	 佛家	 法家	2
364	少年儿童发育最快的系统是：	 神经系统	 消化系统	 血液循环系统	 呼吸系统	1
365	校园歌曲《童年》的词曲作者是：	 黄舒骏	 李宗盛	 罗大佑	 李泰祥	3
366	《四库全书》的总纂官是谁？	 纪晓岚	 于敏中	 乾隆	 刘庸	1
367	下半旗是把旗子下降到：	 旗杆的一半处	 下降1米	 下降1.5米	 距离杆顶的1/3处	4
368	在所有巨大的猛兽中，哪种动物的心脏最小？	 狮子	 老虎	 野猪	 猎豹	1
369	一张女排的球网有多高？	 2.15m	 2.34m	 2.24m	 2.25m	3
370	商老太在金庸看来是个怎样的人物？	 喜剧人物	 悲剧人物	 闹剧人物	 不明人物	2
371	在古希腊，象征婚姻幸福的标志是一个什么形状？	 正方形	 五角星	 心形	 三角形	4
372	鲸的心脏每小时跳动多少次？	 540次	 600次	 650次	 700次	1
373	我们所穿的衣服每天把成千上万个表皮细胞揩掉。人们每过多少天就换上一层新的表皮？	 15天	 20天	 27天	 31天	3
374	中国十大元帅中不包括谁？	 叶剑英	 毛泽东	 贺龙	 刘伯承	2
375	我国从什么时候起就有了历法？	 汉	 商	 周	 夏	4
376	金庸作品时代背景最早的是哪个？	 天龙八部	 连城决	 笑傲江湖	 越女剑	4
377	中国民族资产阶级诞生在什么期间？	 洋务运动期间	 鸦片战争期间	 中法战争期间	 第二次鸦片战争期间	1
378	“一身正气好公仆”的下一句是：	 万家灯火乐升平	 桃符处处岁时新	 满腹才华作栋梁	 春风处处醉芳菲	3
379	“海棠亭下重阳子”的后面一句是什么？	 云在西湖月在天	 有人能悟未生前	 莲叶舟中太乙仙	 蓬头长日走如颠	3
380	成吉思汗写给花剌子模的战书一共有几个字？	4	6	12	24	2
381	我国的几何中心是：	 西宁	 兰州	 北京	 开封	2
382	被唐太宗李世民比作镜子的是谁？	 魏征	 李靖	 徐茂公	 刘文静	1
383	传说中的后羿射日时的人类的首领是：	 尧	 舜	 禹	 汤	1
384	“生命诚可贵，爱情价更高”作者是哪国人？	 匈牙利	 俄国	 法国	 中国	1
385	Windows_NT操作系统使用的格式是什么？	 FAT16	 FAT32	 NTFS	 FAT	3
386	AVI的全称是什么？	 Audio_Video_Interleaving	 Audio_Videoes_Interleaved	 Audio_Video_Interleaved	 Audioes_Video_Interleaved	3
387	下面说法错误的是：	 RFC的内容只保留TCP的核心内容	 TCP提供流控和错误控制	 TCP支持多数据流操作	 TCP协议使用IP，提供了不可靠的应用数据传输	4
388	ITU确定V．90标准后，多少K调制解调器由此进入了现在主流应用阶段？	 64k	 56k	 128k	 32K	2
389	高速缓冲存储器简称为：	 RAM	 ROM	 CACHE	 CAM	3
390	公用电话网的简称是：	 X.25	 PSTN	 DDN	 LAN	2
391	SQL是指什么？	 选择队列语言	 结构化查询库	 结构化查询语言	 选择队列库	3
392	WPS是由谁开发的？	 张朝阳	 求伯君	 雷军	 丁磊	2
393	以下那个数据库属于linux下的免费数据库？	 Sybase	 FOXPRO	 mysql	 sqlserver	3
394	路由器工作在OSI的什么层？	 物理层	 数据链路层	 网络层	 传输层	3
395	局域网的英文缩写？	 LAN	 ADSL	 MAC	 Internet	1
396	KDE是什么？	 Linux的用户界面	 Linux的分区转换器	 FreeBSD的杀毒程序	 Sun_Solaris的内存管理程序	1
397	万米长跑“四冠王”是哪个国家人？	 加拿大	 新几内亚	 埃塞俄比亚	 美国	3
398	成语“脱颖而出”的‘颖’是什么意思？	 优秀	 稻穗	 锥尖	 聪明	3
399	白炽灯用久了会发黑是为什么？	 钨丝氧化	 钨丝升华	 密封不严	 这些都不对	2
400	现在世界上最大的城市是哪个？	 东京	 武汉	 纽约	 伦敦	2
401	诗名“蓦然回首，那人却在灯火栏栅处”出自哪个诗人？	 李清照	 杜甫	 辛弃疾	 李白	3
402	“众芳摇落独暄妍，占尽风情向小园。疏影横斜水清浅，暗香浮动月黄昏。”形容的是什么花？	 桂花	 山园小梅	 月季	 牡丹	4
403	人们通常在信的结尾处写上“此致敬礼”，这里的“此”指的是什么？	 写信人	 收信人	 信本身	 这里	3
404	正常人体体细胞有多少条染色体？	 36条	 48条	 46条	 38条	3
405	广告发挥作用的具体方式是？	 导向	 传递信息	 劝说	 情感诱导	3
406	珊瑚婚是指结婚多少周年？	10	25	35	40	3
407	圆周率最早出现在哪里？	 巴比伦	 埃及	 印度	 阿拉伯	2
408	慈禧垂帘听政的地点在哪里？	 坤宁宫	 养心殿	 太和殿	 储秀宫	2
409	某个月里有三个星期日的日期为偶数，请推算出这个月的15日是星期几？	 星期四	 星期五	 星期六	 星期一	3
410	我们的鼻子有多少个嗅觉感受器？	 300万	 50万	 500万	 800万	3
411	《义勇军进行曲》是哪部电影的主题歌？	 《塞上风云》	 《大路》	 《风云儿女》	 《十字街头》	3
412	在糖水中加少量盐，尝起来会怎样？	 变涩	 变咸	 更甜	 变苦	3
413	一般说，同一只手上哪个手指的指甲生长得最快？	 食指	 小指	 中指	 无名指	3
414	以下哪种化学物质可成为正离子？	 镁	 氧	 氯	 碳	1
415	下列不是光盘刻录软件的是？	 Nero	 WinISO	 Easy-CD	 WinCDr	2
416	“优盘”是一种新型外存储器，这是通过什么接口与电脑交换数据的？	 PS/2	 IEEE1394	 USB	 LPT	3
417	开发Quake系列游戏是哪家公司？	 ACTIVISON	 ID_SOFTWARE	 RAVEN_SOFT	 EA电子艺界	2
418	程序汇编有哪两种方式？	 自动汇编和机器汇编	 自动汇编和手工汇编	 手工汇编和机器汇编	 手动汇编和机动汇编	3
419	扫描仪的光学分辨率的单位是什么？	 Mm	 byte	 bit	 dpi	4
420	Flash是哪个公司的产品？	 微软	 Macromedia	 Cisco	 IBM	2
421	下列4种存储器中，存取周期最短的是哪个？	 硬盘存储器	 光盘存储器	 内存储器	 软盘存储器	3
422	在计算机中汉字是用几个字节来表示？	1	2	3	4	2
423	“kingmax”是什么硬件的品牌？	 内存条	 主板	 显卡	 声卡	1
424	CD－R的全称拼法是怎么样的？	 Computer_Disc-Recordable	 Compact_Disc-Recordable	 Construcion_Disc-Recordable	 Command_Disc-Recordable	2
425	最新的程序开发语言C#中的#应该发成什么音？	 Jing	 Sharp	 Mount	 And	2
426	桂林人文资源丰富，民族风情独特，“桂林三宝”是指哪三宝？	 三花酒、腐乳、南糖	 花酒、腐竹、辣椒酱	 三花酒、腐乳、辣椒酱	 桂花酒、腐乳、辣椒酱	3
427	就体裁而言，正史都是：	 纪传体史书	 编年体史书	 纪事本末体史书	 典志体史书	1
428	有“五海三洲之地”之称的是哪里？	 西亚	 南亚	 中亚	 东亚	1
429	形容动物的鸣叫常用一个字表示，狼的叫声应该用：	 啸	 嗥	 嘶	 鸣	2
430	仰韶文化是我国历史上哪个时代中期的文化？	 旧石器	 新石器	 青铜器	 铁器	2
431	六一居士”是谁的别号？	 欧阳修	 唐伯虎	 柳亚子	 老舍	1
432	“东床快婿”原本是指谁：	 司马相如	 刘邦	 诸葛亮	 王羲之	4
433	眉毛的生长周期有多久？	 半年	 一年	 二个月	 三个月	3
434	《史记》中的“世家”是给什么人作的传？	 皇帝	 诸候王	 重臣	 贵族	2
435	以下哪个省是大熊猫的产地？	 湖南	 甘肃	 湖北	 贵州	2
436	“那达慕”在蒙语中的意思是：	 体育	 骑马	 游乐	 节日	3
437	我国古代诗歌史上被称为“双璧”的一篇是：《孔雀东南飞》另一篇是：	 《木兰诗》	 《木兰辞》	 《离骚》	 《格萨尔王》	1
438	吃西餐时哪种行为是不得体的？	 用面包蘸碟子里的肉汁	 用手把面包撕成小块	 用手指拈炸薯片吃	 把水果核直接吐在碟子里	4
439	香港电影《花样年华》在第５３届戛纳国际电影节上获最佳男主角奖，在该片中饰演男主角是谁？	 梁朝伟	 张国荣	 刘德华	 黎明	1
440	古代五音――宫、商、角、徵、羽，相当于现行简谱上的：	 1、2、3、4、5	 1、2、3、5、6	 1、2、3、7、4	 1、2、3、6、7	2
441	中国农业银行发行的信用卡是哪一个？	 长城卡	 金穗卡	 牡丹卡	 龙卡	2
442	中国建设银行发行的信用卡是哪一个？	 长城卡	 金穗卡	 牡丹卡	 龙卡	4
443	以下哪一个国家不曾在南北美洲都拥有殖民地？	 西班牙	 荷兰	 法国	 葡萄牙	4
444	属于元古代的植物化石的是？	 海绵	 三叶虫	 蕨类	 藻类	4
445	吸烟有害，烟草中毒性最大的物质是哪个？	 烟焦油	 亚硝胺	 砷	 烟碱	4
446	目前人类已知的最软石头是什么？	 磷灰石	 石膏	 方解石	 滑石	4
447	《西厢记》的作者是谁？	 白朴	 关汉卿	 马致远	 王实甫	4
448	一听可口可乐的净含量是：	 350ml	 325ml	 355ml	 300ml	3
449	李贺《梦天》诗云：“遥望齐州九点烟，一泓海水杯中泻。”这里“齐州”是指哪里？	 杭州某地	 山东某地	 代指中国	 苏州某地	3
450	一朵向日葵花能结多少葵花籽？	 成百上千个	 一个	 五个	 五十个左右	2
451	“皮影戏”中皮是什么皮制作的？	 牛皮	 羊皮	 驴皮	 blank	3
452	“三峡水电站”位于长江哪？	 上游	 中游	 下游	 blank	2
453	三国中“三英战吕布”没有谁？	 赵云	 关羽	 张飞	 刘备	1
454	交响乐”通常有几个乐章？	 三个	 四个	 五个	 六个	2
455	人体最敏感的部位是？	 舌尖	 指尖	 耳垂儿	 blank	1
456	“电影”在哪一年诞生的？	 1894年	 1895年	 1896年	 1898年	2
457	世界上最大的群岛国家是？	 马来西亚	 芬兰	 印度尼西亚	 blank	3
458	“郁金香”的原产地是？	 荷兰	 中国	 芬兰	 英国	2
459	“沃尔沃”车原产地？	 瑞典	 荷兰	 德国	 瑞士	1
460	世界上眼睛最多的昆虫？	 蜻蜓	 苍蝇	 蚂蚁	 蝴蝶	1
461	“音乐”最早出现在？	 《诗经》	 《乐府诗集》	 《吕氏春秋》	 blank	3
462	美国的国球是？	 棒球	 橄榄球	 高尔夫球	 blank	1
463	京剧起源于？	 唐朝	 宋朝	 明朝	 清朝	4
464	慈禧曾几次垂帘听政？	 一次	 两次	 三次	 四次	3
465	“愚人节”起源于？	 英国	 法国	 德国	 美国	2
466	羽毛球的羽毛材料？	 鸡毛	 鸭毛	 鹅毛	 blank	3
467	蛇在哪种情况下射出毒液多？	 攻击时	 防御时	 blank	 blank	1
468	诺贝尔奖没有哪项？	 数学	 物理	 blank	 blank	1
469	书法中的“柳体”指的谁？	 柳宗元	 柳公权	 blank	 blank	2
470	电视机是谁发明的？	 贝尔	 贝尔德	 爱迪生	 blank	2
471	“刘福荣“是谁的真名？	 刘德凯	 刘欢	 刘德华	 blank	3
472	哪种糖纯度最高？	 红糖	 白糖	 冰糖	 blank	3
473	“都柏林”在哪个国家？	 爱尔兰	 德国	 英格兰	 blank	1
474	第一个举办奥运会的亚洲国家？	 日本	 韩国	 印度	 马来西亚	1
475	悉尼歌剧院设计者是哪国人？	 丹麦	 法国	 瑞典	 澳大利亚	1
476	“互联网”最初用在？	 商业方面	 军事方面	 blank	 blank	2
477	最早使用“√”做批语的是？	 英国老师	 法国老师	 中国老师	 blank	1
478	夏季里会叫的蝉是？	 雌蝉	 雄蝉	 blank	 blank	2
479	中国记者节在哪一天？	 10月8日	 11月8日	 12月8日	 blank	1
480	汽车中安全袋里的气体是？	 氖气	 氮气	 氩气	 氙气	2
481	吃人参的最佳时候？	 早晨空腹	 中午饭后	 晚上饭后	 blank	1
482	世界上大约有多少种植物？	 40万种	 400万种	 4000万种	 blank	1
483	地壳中含量最多的元素？	 氮	 氧	 铝	 硅	2
484	象脚鼓是哪个民族乐器？	 朝鲜族	 苗族	 傣族	 赫哲族	3
485	太阳系中最亮的行星？	 水星	 金星	 土星	 木星	2
486	蚊子最怕什么味道？	 酒味	 汗味	 漂白粉味	 blank	3
487	哪一个含钙最多？	 虾皮100克	 芝麻酱100克	 blank	 blank	2
488	古代“如意”最早指？	 痒痒挠	 美容用具	 儿童玩具	 祈福物	1
489	黑猩猩喜欢在哪过夜？	 山洞里	 树上	 blank	 blank	2
490	有“白色沙漠”之称的是？	 非洲	 大洋洲	 南极洲	 欧洲	3
491	人体最长寿的细胞？	 脑细胞	 血细胞	 神经细胞	 blank	3
492	华佗和扁鹊谁出生年代早？	 华佗	 扁鹊	 blank	 blank	2
493	埃及的新年在什么季节？	 春季	 夏季	 秋季	 冬季	3
494	“商人”的“商”最早指的是？	 商朝	 商量	 买卖	 钱币	1
495	“味精”是哪国人发明的？	 中国	 日本	 韩国	 朝鲜	2
496	“西气东输”的“西”指哪里？	 新疆	 青海	 陕西	 甘肃	1
497	“火焰山”在中国哪里？	 新疆	 青海	 甘肃	 重庆	1
498	哪个名医年岁最大？	 华佗	 扁鹊	 孙思邈	 blank	3
499	“高原反应”的原因是？	 气温过低	 气压过低	 气温气压综合反映	 blank	2
500	体温计的最高温度？	 40摄氏度	 42摄氏度	 45摄氏度	 blank	2
501	“三明治”原产地？	 英国	 德国	 法国	 美国	1
502	声音在哪种介质中传播最快？	 水中	 空气中	 blank	 blank	1
503	土豆是植株的？	 根	 茎	 blank	 blank	2
504	“夜市”最早出现在？	 隋朝	 唐朝	 宋朝	 元朝	2
505	“一次性筷子”发明于？	 中国	 日本	 韩国	 朝鲜	2
506	长颈鹿祖籍？	 非洲	 南美洲	 亚洲	 北美洲	3
507	人类最早驯养的动物？	 鸡	 狗	 马	 牛	1
508	人的颈椎骨公用几块？	 五块	 七块	 九块	 十二块	2
509	金鱼原产地？	 中国	 荷兰	 澳大利亚	 美国	1
510	白雪公主出自？	 格林童话	 安徒生童话	 blank	 blank	1
511	龙虾的血液是什么颜色？	 红色	 白色	 蓝色	 黄色	3
512	清真之国指？	 阿富汗	 巴基斯塔	 印度	 blank	2
513	鱼怎样吃最好吃？	 鱼刚死迅速吃	 活鱼杀后迅速吃	 活鱼杀后放一段时间吃	 blank	3
514	格林童话作者是几个人？	 一个	 两个	 三个	 四个	2
515	黄豆怎样吃营养吸收好？	 煮着吃	 炒着吃	 磨碎吃	 blank	3
516	《春秋》一书是按什么记事的？	 年	 国	 事件	 blank	1
517	举重运动员为什么手抹白粉？	 使手变得粗糙	 吸去手中的汗	 blank	 blank	2
518	“空手道”起源于？	 日本	 中国	 韩国	 朝鲜	2
519	金鱼祖先是？	 鲫鱼	 鲤鱼	 草鱼	 鲶鱼	2
520	“高尔夫球”起源于？	 美国	 苏格兰	 英格兰	 法国	2
521	自行车最早出现在？	 中国	 英国	 法国	 美国	3
522	香蕉与哪种水果放在一起会变黑？	 苹果	 橘子	 梨	 blank	3
523	用鸽子和橄榄枝代表和平来源于？	 古希腊神话	 古罗马神话	 圣经故事	 blank	3
524	“碧螺春”是什么茶？	 红茶	 绿茶	 清茶	 blank	2
525	三个相同的瓶子从斜坡滚下哪个最快？	 空瓶	 装石头的	 装水的	 blank	3
526	最早设计的轮椅有几个轮子？	 两个	 三个	 四个	 blank	1
527	“黑管”乐器的原名？	 单簧管	 双簧管	 blank	 blank	1
528	男子铁饼标准重量？	 两千克	 二点五千克	 三千克	 blank	1
529	人体最高温度是在？	 上午	 下午	 blank	 blank	2
530	土豆原产地？	 亚洲	 欧洲	 美洲	 大洋洲	3
531	夏季穿什么颜色衣服容易被蚊子咬？	 黑色	 白色	 黄色	 红色	1
532	世界上最早种植棉花的国家？	 中国	 印度	 缅甸	 越南	2
533	十大名茶“碧螺春”原产于？	 西湖	 太湖	 鄱阳湖	 洞庭湖	2
534	对人体来说安全电压为？	 三十五	 三十六	 三十八	 blank	2
535	埃及的主要居民是？	 白人	 黑人	 黄人	 blank	1
536	动物中智力仅次于人的是？	 黑猩猩	 海豚	 猪	 狗	2
537	世界在狗的眼中有几种颜色？	 三种	 四种	 五种	 六种	1
538	哪个不是狗眼中的颜色？	 黑色	 红色	 白色	 灰色	2
539	“吉尼斯”得名？	 一种啤酒	 一种姓氏	 一个地名	 blank	1
540	世界水日？	 3月22日	 4月22日	 5月22日	 blank	1
541	世界气象日？	 3月18日	 3月21日	 3月23日	 blank	3
542	世界卫生日？	 4月6日	 4月7日	 4月8日	 blank	2
543	地球日？	 4月22日	 5月22日	 6月22日	 blank	1
544	世界无烟日？	 5月11日	 5月21日	 5月31日	 blank	3
545	世界人口日？	 6月11日	 6月21日	 7月11日	 blank	3
546	西伯利亚熊又叫？	 黑熊	 灰熊	 棕熊	 blank	3
547	被狗咬过应首先用？	 用肥皂水洗	 用淡盐水洗	 blank	 blank	1
548	国际象棋哪方先行？	 黑方	 白方	 随便	 blank	2
549	围棋哪方先行？	 黑方	 白方	 随便	 blank	1
550	人类第一次使用毒气战是在？	 一战	 二战	 海湾战争	 blank	1
551	蜗牛最多可睡多长时间？	 两年	 三年	 四年	 五年	2
552	全世界有多少种蜻蜓？	 800多种	 1500多种	 4500多种	 blank	3
553	用什么水煮饭最好？	 冷水	 温水	 热水	 blank	3
554	牛马的年轮长在？	 耳朵上	 牙齿上	 蹄子上	 blank	2
555	伞是由哪国人发明的？	 中国	 英国	 德国	 日本	1
556	笛子是哪国人发明的？	 中国	 瑞典	 丹麦	 土耳其	3
557	人类对哪种味道最为敏感？	 甜	 酸	 苦	 咸	3
558	辣椒原产地？	 南美洲	 北美洲	 亚洲	 非洲	1
559	火车的门前写YC表示？	 硬座	 硬卧	 软卧	 餐车	1
560	马拉松的距离大约是？	 41公里	 42公里（42公里190米）	 45公里	 blank	2
561	法国汽车靠哪边行驶？	 左边	 右边	 blank	 blank	2
562	第一届残奥会在哪一年？	 1960年罗马	 1964年	 1968年	 blank	1
563	什么东西不能用热水送服（还原作用）？	 维生素	 钙片	 blank	 blank	2
564	世界上养牛最多的国家？	 澳大利亚	 蒙古	 印度	 中国	3
565	“月饼”最先出现在？	 唐朝	 宋朝	 明朝	 清朝	2
566	我国最大的淡水湖是？	 洞庭湖	 鄱阳湖	 青海湖	 太湖	2
567	倒立的海市蜃楼出现在？	 上午	 下午	 晚上	 blank	2
568	国际会议之都？	 日内瓦	 华盛顿	 津巴布韦	 伦敦	1
569	秦始皇统一的文字？	 小篆	 大篆	 隶书	 blank	1
570	我国从哪一年采用公元纪年？	 1911年	 1912年	 1913年	 1914年	2
571	长江不流经哪一省？	 四川	 江苏	 河南	 安徽	3
572	一百克含胆固醇最少的食物？	 鲫鱼	 海参	 黄鱼	 虾	2
573	第一架水上飞机哪一年制造的？	 1908年	 1914年	 1912年	 1910年	4
574	“物以类聚”下一句是？	 人与群分	 天与地分	 blank	 blank	1
575	“脱颖而出”中的“颖”指的是？	 锥尖	 剑锋	 刀刃	 箭头	1
576	太阳系中唯一一个自转方向与其他相反的？	 冥王星	 天王新	 水星	 blank	2
577	“人性本善”是谁说的？	 孟子	 孔子	 荀子	 blank	1
578	谁发现并证明“白光由七色光组成”的？	 爱因斯坦	 牛顿	 爱迪生	 blank	2
579	看见两次哈雷彗星需隔多少年？	 60年	 70年	 81年	 91年	3
580	孙武是我国古代著名的？	 文学家	 科学家	 军事家	 政治家	3
581	“工笔”是下列哪种技法？	 水彩	 水粉	 国花	 油画	3
582	食用哪种没煮熟的食物易中毒？	 米饭	 豆浆	 牛奶	 鸡蛋	2
583	跆拳道最早来源于？	 中国	 日本	 韩国	 美国	3
584	自然界唯一一个天然放射性惰性气体？	 氢	 氡	 氙	 氩	2
585	“出水芙蓉”是指？	 雨后荷花	 初放荷花	 blank	 blank	2
586	变脸是什么剧绝活？	 川剧	 越剧	 京剧	 blank	1
587	乐器中的皇后指的是？	 小提琴	 钢琴	 竖琴	 大提琴	1
588	最早的口红出现在？	 古印度	 古埃及	 古中国	 古巴比伦	1
589	四大洋中面积最小的？	 太平洋	 大西洋	 印度洋	 北冰洋	4
590	世界海拔最高的山峰？	 乔戈里峰	 珠穆朗玛峰	 龚格尔峰	 blank	2
591	下列哪个是我国最大的海？	 南海	 东海	 黄海	 渤海	1
592	哪个湖泊在江西省境内？	 洞庭湖	 鄱阳湖	 太湖	 洪泽湖	2
593	我国名茶产于福建安溪的是？	 龙井	 碧螺春	 武夷岩茶	 铁观音	4
594	吉林抚松县被誉为哪种药材之乡？	 当归	 枸杞	 人参	 田七	3
595	石头城是对我国哪座城市的美称？	 南昌	 南京	 拉萨	 西安	2
596	“山城”是我国哪个城市的雅号？	 洛阳	 西安	 重庆	 福州	3
597	峨眉山位于我国哪个省？	 四川	 云南	 贵州	 西藏	1
598	我国面积最大的湖泊？	 青海湖	 鄱阳湖	 洞庭湖	 太湖	1
599	世界首都哪个不是以人名命名的？	 华盛顿	 莫斯科	 巴黎	 科伦坡	2
600	世界最大的内陆国是？	 阿富汗	 哈萨克斯坦	 沙特阿拉伯	 蒙古	2
601	世界石油储量最多的国家？	 伊拉克	 伊朗	 科威特	 沙特阿拉伯	4
602	不是我国“三大火炉”的是？	 重庆	 成都	 武汉	 南京	2
603	火车连续发出两声长鸣表示？	 前进	 停留	 倒退	 故障	3
604	轮船发出六声短笛表示？	 倒退	 避让	 转弯	 遇险	4
605	九寨沟位于我国哪个省？	 台湾	 云南	 广西	 四川	4
606	五岳中哪个是中岳？	 泰山东	 嵩山	 华山西	 恒山北E衡山南	2
607	不属于我国四大佛山之一？	 雁荡山	 五台山	 九华山	 峨眉山E普陀山	1
608	世界上现存最大佛教艺术宝库？	 敦煌石窟	 云冈石窟	 同门石窟	 大足石窟	1
609	我国四大名亭毛泽东题的是？	 爱晚亭	 醉翁亭	 陶然亭	 湖心亭	1
610	我国第一座国家森林公园？	 武夷山	 长白山	 张家界	 九寨沟	3
611	美国“自由女神”座落在哪个城市？	 纽约	 华盛顿	 洛杉矶	 旧金山	1
612	世界最高的塔是哪座？	 埃菲尔铁塔	 多伦多塔	 东柏林塔	 莫斯科塔	2
613	项羽破釜沉舟战胜秦军的战役？	 牧野之战	 巨鹿之战	 官渡之战	 昆阳之战	2
614	哪个之战确立三国鼎立？	 官渡之战	 赤壁之战	 夷陵之战	 长平之战	2
615	和平解放北平是三大战役哪个？	 辽沈战役	 淮海战役	 平津战役	 blank	3
616	我国哪一年抗美援朝？	1949.1	1950.1	1951.1	1952.1	2
617	我国抗日战争时期八路军总指挥？	 毛泽东	 周恩来	 朱德	 彭德怀	3
618	我国人民解放军第一位女将军是？	 李贞	 贺子珍	 邓颖超	 蔡畅	1
619	我国现存最早的兵书是？	 孙膑兵法	 六韬	 孙子兵法	 吴子	3
620	二战死亡人数最多的国家？	 前苏联	 中国	 日本	 德国	1
621	二战被处死的日本甲级战犯中内阁首相是？	 广田弘毅	 东条英机	 松井石根	 blank	2
622	下列主权国家没军队的是？	 瑞士	 挪威	 海地	 安道尔	4
623	美国军用飞机编号F是哪类飞机？	 攻击机	 战斗机	 轰炸机	 反潜机	2
624	哪种火炮主要用作防控武器？	 加农炮	 高射炮	 迫击炮	 火箭炮	2
625	洲际导弹射程一般在多少公里以上？	 一百	 一千	 一万	 十万	3
626	我国专门进行核试验的“原子城”位于？	 新疆	 内蒙古	 青海	 四川	1
627	我国卫星火箭发射基地“西昌”位于？	 西藏	 新疆	 四川	 青海	3
628	称得上火炮的口径在多少毫米以上？	 五	 十	 二十	 五十	3
629	枪弹中燃烧弹弹头的颜色是？	 红色	 黄色	 绿色	 黑色	1
630	美国第七舰队主要驻扎在？	 大西洋	 地中海	 东太平洋	 西太平洋	4
631	二战时日本偷袭珍珠港是在？	1939.12	1940.12	1941.12	1942.12	3
632	年10月解放后才解放的城市？	 广州	 上海	 南京	 西安	1
633	信号弹白天发射用什么颜色？	 黄色	 白色	 绿色	 红色	4
634	舰艇装备最广泛的主力战舰是？	 驱逐舰	 护卫舰	 巡洋舰	 战列舰	2
635	多少吨位才算大型航空母舰？	 四吨	 五吨	 六吨	 十吨	3
636	防弹衣是什么材料制成的？	 软不锈钢	 钨合钢筋	 镍合钢筋	 陶瓷玻璃钢	4
637	一个连辖三四个排大约多少人？	 50-100	 100-120	 120-150	 150-200	2
638	“闻鸡起舞”出自哪位古代将领故事？	 岳飞	 戚继光	 祖狄	 郑成功	3
639	世界纪元公元前后划分方法的标准？	 伊斯兰教	 佛教	 犹太教	 耶稣基督教	4
640	第一次世界大战开始的时间？	 1910年	 1914年	 1939年	 1940年	2
641	对古代太子的尊称是？	 陛下	 阁下	 殿下	 私下	3
642	二战时日本偷袭珍珠港的代号为？	 托拉	 巴巴罗莎	 霸王	 宝石	1
643	人不可有傲气，但不可无傲骨谁座右铭？	 孙中山	 李大钊	 徐悲鸿	 周恩来	3
644	“世界船王”之称海外炎黄子孙是？	 王安	 王贞治	 杨晓燕	 包玉刚	4
645	第二次世界大战是哪一年爆发的？	 1937年	 1938年	 1939年	 1940年	3
646	史书《史记》属于哪类历史？	 野史	 正史	 杂史	 稗史	2
647	“资治通鉴”属于哪一类体历史？	 纪传体	 记事体	 编年体	 blank	3
648	“秦始皇与兵马俑”位于哪个省？	 湖北	 湖南	 河南	 陕西	4
649	我国是在哪个时期进入奴隶社会的？	 夏朝	 商朝	 战国	 秦朝	1
650	被称为“六朝古都”的是？	 洛阳	 西安	 南京	 blank	3
651	洪秀全领导的农民起义是？	 大泽乡起义	 黄巾起义	 赤眉起义	 blank	4
652	我国封建王朝正统皇帝大约有多少人？	 300人	 400人	 500人	 600人	3
653	历史上根吴三桂有关的大动乱？	 八王之乱	 三藩之乱	 七国之乱	 blank	2
654	李世民发动的历史事变？	 玄武门之变	 陈桥兵变	 靖康之变	 blank	1
655	被称为酿酒行业的祖师是谁？	 孔子	 鲁班	 柳永	 杜康	4
656	“文房四宝”中的毛笔是谁发明的？	 乐毅	 闻仲	 蒙恬	 blank	3
657	古代钱的单位“贯”是多少？	 一枚铜钱	 十枚铜钱	 千枚铜钱	 blank	3
658	下列清朝皇帝中哪位是末代皇帝？	 宣统	 光绪	 同治	 道光	1
659	古代“四大美女”西汉时期的是？	 西施	 王昭君	 貂蝉	 杨贵妃	2
660	《汉书》是哪位史学家所著？	 司马迁	 司马光	 左丘明	 班固	4
661	唯一两个皇帝合葬一起的是唐高宗和？	 唐高祖	 唐太宗	 武则天	 唐中宗	3
662	五星红旗的设计者是？	 顾仁兼	 周恩来	 曾联松	 梁思成	3
663	“中国的保尔柯察金”是谁？	 吴运泽	 张海迪	 雷锋	 梁思成	1
664	宋氏三姐妹哪个是孙中山夫人？	 宋霭龄	 宋庆龄	 宋美龄	 blank	2
665	春秋五霸中哪位霸主先称霸？	 楚庄王	 宋襄公	 齐桓公	 晋文公E秦穆公	3
666	第一次鸦片战争开始时间？	 1839年	 1840年	 1856年	 1860年	2
667	我国古代“十恶不赦”首赦是？	 不义	 不道	 内乱	 谋反	4
668	我国古代哪个朝代“状元”最多？	 唐朝	 宋朝	 明朝	 清朝	1
669	古代盛世哪个是李世民统治？	 成康之治	 文景之治	 贞观之治	 康乾之治	3
670	“瓷都”景德镇位于哪个省？	 河南	 河北	 广东	 江西	4
671	抗日战争爆发的卢沟桥事变哪一年？	 1935年	 1936年	 1937年	 1938年	3
672	马拉松长跑源于马拉松战役爆发地？	 古代罗马	 古代希腊	 中国	 马其顿	2
673	我国第一颗原子弹研制成功在哪年？	 1960年	 1962年	 1964年	 1967年	3
674	我国是谁最早发现了甲骨文？	 王懿荣	 刘鄂	 郭沫若	 顾协刚	1
675	甲骨文属于哪一类文字？	 表意文字	 表音文字	 象形文字	 blank	3
676	我国第一部词典？	 《说文解字》	 《尔雅》	 《切韵》	 《史记》	2
677	世界语的创始人是？	 柴门霍夫	 埃利斯	 不拉耶	 奥格登	1
678	古代著名书院白鹿洞书院位于？	 江西庐山	 湖南长沙	 湖南衡阳	 河南商丘	1
679	我国什么时候高等教育实施学位制？1978年	 1979年	 1980年	 1981年	 blank	4
680	“凿壁偷光”出自哪位人物苦学故事？	 孙子	 孙敬	 车胤	 匡衡	4
681	我国第一位女留学生金雅梅留学于何国？	 日本	 美国	 英国	 前苏联	2
682	世界规模最大的大学？	 纽约州立大学	 哈佛大学	 剑桥大学	 北京大学	1
683	我国收入的字最多的字典是哪一部？	 方言	 说文解字	 康熙字典	 新华字典	3
684	著名通讯社路透社是哪国的？	 中国	 美国	 英国	 法国	3
685	下列哪个不属于“四书”之一？	 大学	 春秋	 中庸	 论语E孟子	2
686	我国第一部纪传体通史是？	 《汉书》	 《后汉书》	 《史记》	 《春秋》	3
687	我国最早的医学理论著作？	 本草纲目	 黄帝内经	 千金方	 伤寒杂病论	2
688	“世界环境人”是每年哪天？	 6月4日	 6月5日	 6月6日	 6月7日	2
689	我国植树节3.12是为纪念哪位人物而定？	 屈原	 孙中山	 白求恩	 雷锋	2
690	世界三大人种哪种是黑色人种？	 尼格罗人种	 欧罗巴人种	 蒙古人种	 blank	1
691	我国姓氏中哪一个姓氏的人口比例最多？	 王	 李	 张	 刘	2
692	古代对“幼年的儿童”的代称是？	 成童	 束发	 总角	 及笄	3
693	古代对“六十岁”年龄的人称呼是？	 而立	 不惑	 知天命	 花甲	4
694	根据《百家姓》我国复姓共有多少个？	 70个	 76个	 80个	 86个	2
695	“国际护士节”是在每年的哪一天？	5.1	5.11	5.12	5.13	3
696	不属于世界四大通讯社之一的是？	 法新社	 美联社	 塔斯社	 合众国际社	3
697	世界第一部长篇小说《源氏物语》出自哪国？	 中国	 美国	 印度	 日本	4
698	名著《基督山伯爵》的作者是？	 大仲马	 小仲马	 福楼拜	 雨果	1
699	下列不是“意大利文艺复兴三杰”？	 但丁	 达芬奇	 米开朗基罗	 拉斐尔	1
700	我国最早的诗歌总集是？	 《诗经》	 《全唐诗》	 《花间集》	 《诗品》	1
701	我国古代历史上写诗最多达三万多道？	 陆游	 乾隆	 李白	 杜甫	2
702	悲剧《窦娥冤》是谁所著？	 王实甫	 马致远	 关汉卿	 白朴	3
703	非民间四大传说？	 牛郎织女	 嫦娥奔月	 孟姜女寻夫	 梁祝E白蛇与许仙	2
704	以“一二九”运动为社会背景长篇小说？	 上甘岭	 红日	 红岩	 青春之歌	4
705	作家秦牧的原名是？	 肖军	 曲波	 吴强	 冯至	2
706	“红娘”由来出自哪部古典名剧？	 琵琶记	 西厢记	 长生殿	 桃花扇	2
707	“二十万行长诗”之称最长史诗？	 摩诃婆罗多	 罗摩衍那	 荷马史诗	 唐璜	1
708	我国最早的神话小说？	 山海经	 古镜记	 搜神记	 世说新语	3
709	鲁迅等人创办的文学刊物？	 小说月报	 戏剧月刊	 语丝周刊	 创造月刊	3
710	非十九世纪英国诗坛三大巨星之一？	 笛福	 济慈	 雪莱	 拜伦	1
711	诺贝尔文学奖是从什么时候开始评选的？	 1900年	 1901年	 1950年	 1951年	2
712	我国少数民族中人口最多的是？	 壮族	 蒙古族	 回族	 藏族	1
713	亚洲国家中哪个国家最讲究茶道？	 中国	 韩国	 朝鲜	 日本	4
714	世界上大约有多少种语言？	 近1000种	 近2000种	 近3000种	 近4000种	3
715	按平均每分说话音节说话最快的国家是？	 法国	 日本	 德国	 美国	1
716	我国年满多少周岁有选举权和被选举权？	 14周岁	 16周岁	 18周岁	 20周岁	3
717	我国士兵预备役的年龄范围？	 16-30周岁	 16-35周岁	 18-30周岁	 18-35周岁	4
718	我国要被选为国家主席副主席年龄要多少周岁？	 35岁	 40岁	 45岁	 50岁	3
719	哪个国家很忌讳用人物肖像作商标？	 法国	 日本	 英国	 美国	3
720	“念慈”是古代对对方亲属哪一位尊称	 父亲	 母亲	 伯父	 伯母	2
721	“下半旗致哀”的由来源于什么任务的去世？	 族长	 酋长	 船长	 皇帝	3
722	哪个国家一般不准女性在生人面前露面？	 沙特阿拉伯	 印度	 印尼	 孟加拉	1
723	我国道家学派创始人是？	 孔子	 老子	 庄子	 孟子	2
724	“天下兴亡平匹夫有责”哪位思想家名言？	 黄宗羲	 顾炎武	 王夫之	 王充	2
725	《古兰经》是哪个宗教的经典？	 佛教	 基督教	 伊斯兰教	 道教	3
726	基督教的教职中哪个地位仅次于教皇？	 总主教	 大主教	 神父	 牧师	1
727	宗教派别哪个不属于基督教的派别？	 天主教	 东正教	 十叶教	 新教	3
728	“持剑坐莲花宝座骑狮子”的形象是哪位菩萨？	 文殊	 普贤	 观音	 地藏	1
729	“比丘尼”是对佛教中哪一类人的称呼？	 和尚	 行者	 女居士	 尼姑	4
730	第一届奥运会哪以年举行的？	 1890年	 1894年	 1896年	 1900年	3
731	第一届世界杯足球赛在哪个国家举行？	 法国	 意大利	 乌拉圭	 巴西	3
732	体育运动最早起源于？	 美国	 中国	 英国	 法国	1
733	女子游泳衣称“比基尼”源于什么名？	 设计师	 运动员	 模特	 小岛	4
734	我国第一个获得世界冠军的是谁？	 吴传玉	 郑国荣	 容国团	 陈镜开	3
735	高尔夫球运动场上共有多少个球洞？	 18个	 19个	 20个	 21个	1
736	围棋共有多少个棋子？	 360个	 361个	 362个	 363个	2
737	名言“生命在于运动”是谁说的？	 车尔尼夫斯基	 普希金	 伏尔泰	 契科夫	3
738	职业拳击运动员争夺“世界拳王”必须多少周岁？	 18岁	 20岁	 21岁	 25岁	3
739	我国第一次获得田径比赛冠军的运动员？	 邹振华	 徐永久	 黄志红	 刘华金	2
740	新中国第一次参加奥运会是哪一年？	 1952年	 1956年	 1980年	 1984年	1
741	曲棍球每半场的时间是多少分钟？	 35分钟	 40分钟	 45分钟	 50分钟	2
742	跳竹竿是我国哪个少数民族的传统体育运动？	 壮族	 苗族	 白族	 黎族	4
743	周恩来倡导中小学生每天多长时间体育运动？	 半小时	 一小时	 两小时	 blank	2
744	迷踪拳的创始人是哪位武术家？	 董海川	 张长兴	 霍元甲	 李存义	3
745	哪国因“卒可攻王攻后”禁止下国际象棋？	 印度	 印尼	 肯尼亚	 沙特	4
746	被誉为“两条半枪闹革命”的革命人物是？	 澎湃	 杨靖宇	 贺龙	 方志敏	4
747	世界上第一个成文法典？	 《汉莫拉比法典》	 《法经》	 《乌尔纳姆法典》	 blank	3
748	国际法庭设在什么地方？	 瑞士	 美国	 荷兰	 中国	3
749	联合国常任理事国公用多少个成员国？	 三个	 四个	 五个	 六个	3
750	我国最早一部按国别编写的史书是？	 《左传》	 《春秋》	 《国语》	 blank	3
751	曾被人称作“擂鼓诗人”的诗人是谁？	 田间	 郭小川	 贺敬之	 艾青	1
752	著名二胡曲《二泉映月》作者是谁？	 刘天华	 阿炳	 聂耳	 冼星海	2
753	我国拍摄的第一部故事影片是？	 定军山	 庄子试妻	 难夫难妻	 blank	3
754	美国自由女神像是哪国雕塑家作品？	 美国	 法国	 英国	 德国	2
755	著名喜剧电影艺术家卓别林是哪国人？	 英国	 法国	 德国	 美国	1
756	我国境内最早的人类是？	 北京人	 元谋人	 山顶洞人	 丁村人	2
757	清朝晚期被誉为“开眼看世界第一人”？	 魏源	 龚自珍	 林则徐	 严复	3
758	著名亚欧间的海峡是？	 马六甲海峡	 土耳其海峡	 直布罗陀海峡	 blank	2
759	世界上最长的运河是哪一条？	 中国京杭大运河	 苏伊士运河	 巴拿马运河	 blank	1
760	咖啡的故乡是哪里？	 亚洲	 美洲	 大洋洲	 非洲	4
761	我国第一个南极考察基地“长城站”何时落成？	1980.2	1981.2	1985.2	1986.2	3
762	世界上面值最高邮票匈牙利五百亿彭哥的图案？	 猫	 飞鸽	 海鸥	 鹰	2
763	我国少数民族分布最多的省份？	 广西	 西藏	 云南	 四川	3
764	世界最早邮票“黑便士”是哪国发行的？	 英国	 法国	 美国	 中国	1
765	我国国代被誉为“掌上舞”的舞蹈家？	 赵飞燕	 杨玉环	 绿珠	 褒姒	1
766	我国古代最大风俗画？	 韩熙载夜宴图	 清明上河图	 女史箴图	 千里江山图	2
767	著名油画《开国大典》是谁作品？	 关山月	 徐悲鸿	 范曾	 董希文	4
768	下列哪位画家善于画虎？	 张大千	 张善于	 徐悲鸿	 齐白石	2
769	被称“画圣”的古代画家是？	 吴道子	 顾恺之	 韩干	 张择端	1
770	书画工具哪一种以广东肇庆出产最为有名？	 洋毫	 松烟墨	 宣纸	 端砚	4
771	评剧是我国哪个地方主要戏曲？	 广东	 山西	 云南	 辽宁	4
772	四大戏曲中哪一种原产地是意大利？	 舞剧	 歌剧	 戏曲	 话剧	2
773	戏曲中脸谱颜色哪种表示妖邪？	 红色	 黄色	 白色	 青色	4
774	世界上哪个国家拍摄电影最多？	 中国	 美国	 印度	 日本	3
775	花灯戏是我国哪个地方的戏曲？	 贵州	 四川	 新疆	 云南	4
776	被誉为当代“毕生”的是（在印刷排版有研究贡献）？	 王选	 王昆	 袁隆平	 blank	1
777	被称为“新儒林外史”的书为？	 《顾城》	 《围城》	 《双城记》	 《武林外传》	2
778	《人间喜剧》作者是？	 福尔斯泰	 简奥斯丁	 巴尔扎克	 雨果	3
779	世界音乐之都是？	 维也纳	 悉尼	 威尼斯	 瑞典	1
780	月亮的公转和自转周期？	 相同	 不同	 blank	 blank	1
781	草莓身上的斑点是种子吗？	 是	 不是	 blank	 blank	1
782	牛奶中含有人类所需要的全部维生素吗？	 对	 错	 blank	 blank	1
783	在冰岛上有温泉吗？	 有	 没有	 blank	 blank	1
784	蜘蛛是昆虫吗？	 是	 不是	 blank	 blank	2
785	小蝌蚪是肉食动物吗？	 是	 不是	 blank	 blank	2
786	竹子一生只开一次花？	 是	 不是	 blank	 blank	1
787	北宋的都城是今天的开封吗？	 是	 不是	 blank	 blank	1
788	世界上有人造血吗？	 有	 没有	 blank	 blank	1
789	非洲有老虎吗？	 有	 没有	 blank	 blank	2
790	蜈蚣是脚最多的动物吗？	 是	 不是（千足虫又称马陆）	 blank	 blank	2
791	黑熊有尾巴吗？	 有	 没有	 blank	 blank	1
792	水仙花是否有毒？	 没有	 有	 blank	 blank	2
793	鲍鱼是鱼吗？	 是	 不是	 blank	 blank	2
794	香蕉里有种子吗？	 有	 没有	 blank	 blank	1
795	仙人掌有叶子吗？	 有	 没有	 blank	 blank	1
796	香蕉是长在树上的吗？	 是	 不是	 blank	 blank	2
797	微生物分不分雌雄？	 分	 不分	 blank	 blank	2
798	蚊子是靠吸食动物的血生存的吗？	 是	 不是	 blank	 blank	2
799	穿山甲有牙齿吗？	 有	 没有	 blank	 blank	2
800	有吃鱼的蝙蝠吗？	 有	 没有	 blank	 blank	1
801	泥鳅是鱼吗？	 是	 不是	 blank	 blank	1
802	有不结网的蜘蛛吗？	 有	 没有	 blank	 blank	1
803	猩猩有尾巴吗？	 有	 没有	 blank	 blank	2
804	人的指纹终身不变对吗？	 对	 不对	 blank	 blank	1
805	吃辣椒会伤皮肤对吗？	 对	 不对	 blank	 blank	2
806	黄瓜和西红柿一起做好吗？	 好	 不好	 blank	 blank	2
807	日本“相扑”有女子参加吗？	 有	 没有	 blank	 blank	1
808	黄山是“五岳”之一吗？	 是	 不是	 blank	 blank	2
809	蛇能听到音乐吗？	 能	 不能	 blank	 blank	2
810	人栽种的香蕉有种子吗？	 有	 没有	 blank	 blank	1
811	记忆力减退是自然规律吗？	 是	 不是	 blank	 blank	2
812	皮肤表皮中有血管吗？	 有	 没有	 blank	 blank	2
813	美国第一任总统是华盛顿吗？	 是	 不是	 blank	 blank	1
814	猎豹跑的比羚羊快吗？	 是	 不是	 blank	 blank	1
815	变温动物就是冷血动物吗？	 是	 不是	 blank	 blank	1
816	所有动物都呼吸吗？	 是	 不是	 blank	 blank	1
817	人的角膜有颜色吗？	 有	 没有	 blank	 blank	2
818	萤火虫的幼虫会发光吗？	 会	 不会	 blank	 blank	1
819	南极和北极都没发生过地震吗？	 是	 不是	 blank	 blank	1
820	人的手指甲生长速度是一样的吗？	 是	 不是	 blank	 blank	1
821	刚出生的婴儿能看见东西吗？	 能	 不能	 blank	 blank	1
822	白蚁是蚂蚁吗？	 是	 不是	 blank	 blank	2
823	蘑菇生长需要阳光吗？	 需要	 不需要	 blank	 blank	2
824	澳大利亚是一个岛屿吗？	 是	 不是	 blank	 blank	2
825	春季多喝开水可以预防肺部疾病吗？	 是	 不是	 blank	 blank	1
826	剪彩最初是为了庆祝新船下水吗？	 是	 不是	 blank	 blank	1
827	《天方夜谭》用“谭”字而不用“谈”原因是什么？	 古代写文章的避讳	 谈字不文雅	 谈字不好看	 blank	1
828	“银鞍照白马，撒沓如流星”是金庸哪部小说里的诗词？	 《陆小凤传奇》	 《楚留香》	 《侠客行》	 blank	3
829	香港“热狗”巴士于2012年哪天完全停止使用？	 5月9日	 9月9日	 9月5日	 blank	1
830	周星驰电影《整蛊专家》内哪种整蛊武器会令人讲真话？	 霹雳金刚拳	 诚实豆沙包	 谎言豆沙包	 blank	2
831	在苹果树修剪合理的情况下，果实着色最好的部位应处于？	 树北侧上方	 树南侧上方	 树北侧下方	 blank	2
832	世界古代史上“十字架“对”新月“的战争又叫做什么？	 十字军东征	 十字军西征	 十字军南征	 blank	1
833	《红楼梦》是我国古代著名的长篇小说之一，它的别名是？	 《石头记》	 《金陵记》	 《西厢记》	 blank	1
834	NBA球员林书豪就读美国哪一所大学？	 哈佛大学	 常春藤盟校	 斯坦福大学	 blank	1
835	世界上目前有记录的最大的一只非洲象身体全长多少米？	 将近8米	 将近11米	 将近13米	 blank	2
836	人人常说消灭四害，请问“四害”不包括下列哪种动物？	 老鼠	 蜻蜓	 苍蝇	 blank	2
837	看电视时，应该习惯于坐在距离电视机几米左右的位置？	 7米	 5米	 3米	 blank	3
838	哪一区域是中国最大的商品性大豆和出口大豆生产基地？	 东北	 华北	 华中	 blank	1
839	三国时期吴国屡次出征与魏国交战的关键城池是哪座？	 官渡	 荆州	 合肥	 blank	3
840	些列哪一个城市不是我国的“三大火炉”之一？	 重庆	 成都	 武汉	 blank	2
841	在卫斯理小说系列里，卫斯理和白素的女儿叫什么名字？	 卫玲	 卫兰	 红绫	 blank	3
842	从前有个人叫小蔡，被关在监狱中了一夜，之后怎么了？	 死了	 病了	 馊了	 blank	3
843	传统的“三姑六婆”中“三姑”是指尼姑，道姑和什么？	 八姑	 卦姑	 大姑	 blank	2
844	NBA规定一场篮球赛每个运动员最多允许犯规多少次？	 6次	 4次	 5次	 blank	1
845	_1949年5月，人民海军第一所院校在哪座城市诞生？	 大连	 青岛	 上海	 blank	1
846	故宫是世界上最大的宫殿，共有几个朝代把它作为皇宫？	 一个	 两个	 三个	 blank	2
847	我国古代通过科举考试选拔文武官吏，科举制度开始于？	 隋朝	 唐朝	 宋朝	 blank	1
848	我国目前把空气质量分为几个级别？	 3个	 5个	 4个	 blank	2
849	每天洗头发要用什么样的产品？	 强碱性	 弱碱性	 弱酸性	 blank	3
850	锦标赛的“锦标”起源于哪种运动？	 竞渡	 摔跤	 射箭	 blank	1
851	哪项运动被誉为“体育运动之母”？	 田径	 游泳	 摔跤	 blank	1
852	下列人物中绰号叫做九纹龙的是？	 柴进	 史进	 解珍	 blank	2
853	《名侦探柯南》中柯南不擅长的是？	 滑板	 足球	 唱歌	 blank	3
854	下列哪支球队没有获得过总冠军？	 火箭	 山猫	 活塞	 blank	2
855	名称不属于二十四节气的是哪一个？	 谷雨	 白露	 大伏	 blank	3
856	在哪里可以吃到最大粒的香港鱼蛋？	 长洲	 旺角	 元朝	 blank	1
857	天王星体积是太阳系第几大的行星？	 第一	 第二	 第三	 blank	3
858	诺贝尔奖的创始人诺贝尔是哪国人？	 瑞典	 瑞士	 荷兰	 blank	1
859	中国最后一个皇帝的年号是哪一个？	 道光	 光绪	 宣统	 blank	3
860	太阳系的行星中自转速度最快的是？	 土星	 水星	 木星	 blank	3
861	下列哪种生物不是由细胞构成的？	 病毒	 细菌	 鸡蛋	 blank	1
862	比丘尼是佛教中哪一类人物的称呼？	 和尚	 行者	 尼姑	 blank	3
863	下列哪个食物不是由12个组成的？	 月份	 天干	 地支	 blank	2
864	我国冰上运动从什么时候盛行起来？	 唐朝	 明清	 宋朝	 blank	3
865	马可波罗是在哪一朝代来到中国的？	 唐朝	 宋朝	 元朝	 blank	3
866	生鱼片在日本是用哪两个汉字称呼？	 刺身	 唐扬	 煮物	 blank	1
867	桂花中丹桂一般在什么季节开放？	 春季	 夏季	 秋季	 blank	3
868	香港“三栋屋博物馆”位于哪一区？	 蔡涌	 沙田	 荃湾	 blank	3
869	走来走去却不愿离开的水果是什么？	 葡萄	 苹果	 榴莲	 blank	3
870	著名风景区九寨沟位于中国哪个省？	 四川	 云南	 重庆	 blank	1
871	台湾哪个市镇拥有陶瓷之镇的美誉？	 三峡	 土城	 莺歌	 blank	3
872	“珍珠”主要是从什么生物生产的？	 海葵	 牡蛎	 扇贝	 blank	2
873	世界上最大的核电站位于哪个国家？	 美国	 中国	 日本	 blank	3
874	常见的鸟类中不属于候鸟的是哪个？	 喜鹊	 黄鹂	 杜鹃	 blank	1
875	世界上稻米出口最多的是哪个国家？	 泰国	 中国	 日本	 blank	1
876	以下哪个并非台北平溪区的火车站？	 十分	 木栅	 大华	 blank	2
877	“夺席谈经”与汉朝哪个皇帝有关？	 刘秀	 刘禅	 刘备	 blank	1
878	平时常见的玻璃钢是一种什么制品？	 金属	 塑料	 木材	 blank	2
879	不属于丈夫对妻子雅称的是哪一个？	 拙荆	 所天	 内人	 blank	2
880	古人所称的汤饼即现在的什么食物？	 面饼	 面条	 馒头	 blank	2
881	古人常用“松鹤延年”是什么意思？	 美食	 长寿	 舞蹈	 blank	2
882	在糖水中加少量盐，尝起来会怎样？	 更甜	 变咸	 变苦	 blank	1
883	景泰蓝是中国什么地方的特种工艺？	 北京	 江西	 苏州	 blank	1
884	传说周文王在哪创造的《周易》？	 咸阳	 信阳	 安阳	 blank	3
885	墨鱼在水中游泳的方向是什么方向？	 向后	 向前	 向左	 blank	1
886	我国云南阿昌族庆中秋节的活动是？	 走月	 行月	 跳月	 blank	3
887	曾经在NBA火箭队的中国球星是？	 姚明	 姚暗	 姚晨	 blank	1
888	昆虫中对人类危害最大的是哪一种？	 蚊子	 苍蝇	 蟑螂	 blank	1
889	中国什么节气流行禁杀五毒的习俗？	 惊蛰	 谷雨	 立夏	 blank	2
890	“烧饼”是哪一个国家特有的面饼？	 英国	 中国	 法国	 blank	2
891	蜜蜂为什么认识回家的路？	 和狗一样有嗅觉	 利用空间再现图像	 利用气味辨别	 blank	2
892	“茶楼酒肆”中的“肆”是指什么？	 幡	 店铺	 招牌	 blank	2
893	胃溃疡是指人体哪个器官出现破洞？	 大肠	 胃	 肾脏	 blank	2
894	我国是在哪个时期进入奴隶社会的？	 夏	 商	 战国	 blank	1
895	中国是在第几届奥运会首次参加的？	8	9	10	 blank	3
896	《越女剑》书中主角的武器是什么？	 刀	 剑	 竹棒	 blank	3
897	灵儿死后逍遥流下了什么颜色的泪？	 红	 和一般的泪一样	 银	 blank	1
898	摩登舞是体育舞蹈比赛中的一个项目群，下列不属于摩登舞的是？	 爵士舞	 狐步	 维也纳华尔兹	 blank	1
899	有一个白痴坐飞机，把飞机上的马桶拆下来，往外丢，猜为什么？	 白痴不解释	 危机的马桶坏了	 外面有坏人？	 blank	1
900	诗句“长风破浪会有时，直挂云帆济沧海”是哪首诗的最后一句？	 《静夜思》	 《早发白帝城》	 《行路难》	 blank	3
901	德国突袭波兰后，英法作为盟国对德宣战是根据什么跳月的规定？	 国联章程	 英法波同盟条约	 洛迦诺公约	 blank	3
902	《笑傲江湖》这首曲子中，有一大段是根据哪首古曲改变的？	 《十面埋伏》	 《高山流水》	 《广陵散》	 blank	3
903	年期新四军军部领导人确定新四军成立纪念日是哪一天？	 8月1日	 10月12日	 7月17日	 blank	2
904	常用的美术字体有行楷美术字、隶属美术字、魏碑美术字和什么？	 姚体美术字	 糖体美术字	 李体美术字	 blank	1
905	澳门政府于1999年哪天由葡萄牙移交至中华人民共和国？	 12月20日	 12月31日	 12月21日	 blank	1
906	年6月3日，中国建造的第一艘护卫舰正式命名为什么？	 “昆明”号	 “长江”号	 “洛阳”号	 blank	1
907	罗伯特德尼罗凭借在哪部电影中的出色演出称为了奥斯卡影帝？	 美国往事	 赌城风云	 愤怒的公牛	 blank	3
908	“泗水文章昭日月，杏坛礼乐冠华夷”中的“杏坛”指的是什么？	 孔子讲学的地方	 孔子住的地方	 孔子吃饭的地方	 blank	1
909	二战结束以来规模最大、参战国家最多的高技术战争是哪次战争？	 越南战争	 科索沃战争	 第一次海湾战争	 blank	3
910	历史上首次由螺旋桨飞机击落喷气式飞机的战斗发生在哪次战争？	 朝鲜战争	 海湾战争	 第一次中东战争	 blank	1
911	平时开车时经常说的60迈/时，请问60迈/时是指多少公里？	 60公里/时	 100公里/时	 96公里/时	 blank	3
912	世界上第一个足球协会成立于1863年，请问是哪个足球协会？	 英格兰足球协会	 巴西足球协会	 德国足球协会	 blank	1
913	据《不列颠百科全书》所载，迄今为止世界上最大的百科全书是？	 《四库全书》	 《新华字典》	 《永乐大典》	 blank	3
914	因咬断体温表而误服入水银时，可立即服下什么食物以防止中毒？	 馒头、煎饼	 生鸡蛋、牛奶	 橘子、圣女果	 blank	2
915	美国是第一个成功登陆月球的国家，成功登陆的宇宙飞船名称是？	 阿波罗9号	 阿波罗11号	 阿波罗14号	 blank	2
916	地处黄河河套内，行政上属于内蒙古自治区的高原名称叫做什么？	 呼伦贝尔高原	 阿拉善高原	 鄂尔多斯高原	 blank	1
917	日本有史以来最大的战列舰“大和”号是在什么战役中被击沉的？	 中途岛战役	 冲绳战役	 阿布基尔海战	 blank	2
918	希腊神话当中的大地之神，同时也是宙斯的祖母，叫做什么名字？	 盖亚	 乌拉诺斯	 雅特罗波斯	 blank	1
919	世界上八大奇迹之一“亚历山大港灯塔”的建造地点在哪个国家？	 科威特	 埃及	 沙特阿拉伯	 blank	2
920	目前世界上最大的开花植物是巨型紫藤，请问它生长在什么地方？	 美国加利福尼亚	 俄罗斯莫斯科	 中国云南	 blank	1
921	战争作为人类社会发展到一定历史阶段的特殊社会规律，产生于？	 外星人早期	 原始社会末期	 宇宙早期	 blank	2
922	电影《铁达尼号》里女主角在剧中接受了一条项链叫做什么名字？	 海洋之心	 伊希娜之心	 天使之心	 blank	1
923	依照西方习俗，戒指戴在哪只手的哪根手指上表示“正在热恋”？	 左手无名指	 右手中指	 左手中指	 blank	3
924	《地道战》、《小兵张嘎》等电影故事主要取材于哪一历史时期？	 北伐战争	 解放战争	 抗日战争	 blank	3
925	采用惯性制导方式的中远程导弹，一般适用于攻击的是什么目标？	 运动目标	 显性目标	 隐形目标	 blank	1
926	中国现存的三大古建筑群分别为承德避暑山庄、曲阜孔庙和什么？	 北京故宫	 泰山岱庙	 西安古城	 blank	1
927	在哪一年的冠军联赛中同时有三支西班牙俱乐部同时进入半决赛？	2002	2003	2001	 blank	1
928	战役中，呗陈毅元帅称作“人民群众用小车推出来的”是哪一次？	 淮海战役	 辽沈战役	 平津战役	 blank	1
929	使用电力发动，在道路上不依赖固定轨道行驶的公共交通工具是？	 充电车	 有轨电车	 无轨电车	 blank	3
930	韩国总统卢武铉曾经给哪位艺人颁发了“21世纪优秀人才奖”？	 文根英	 金喜善	 rain	 blank	1
931	中国正式确立的第一面国旗是在晚清时期才诞生的，是谁决定的？	 陆皓东	 孙中山	 慈禧太后	 blank	3
932	《小李飞刀》中，“兵器谱”前10位的哪一个人死于阿飞之手？	 伊哭	 郭嵩阳	 上官金虹	 blank	1
933	在金庸小说中“藕色菱洲见玉颜，王孙公子疑似山”指的是谁？	 段誉	 陆小凤	 灭绝师太	 blank	1
934	有一个人，他是你父母生的，但他却不是你的兄弟姐妹，他是谁？	 你的克隆	 你的孪生	 你自己	 blank	3
935	《射雕英雄传》中“南帝北丐中神通”中的“中神通”是哪一位？	 王重阳	 一灯大师	 周伯通	 blank	1
936	在金庸小说中，“旭日东升天下闻，葵花灿灿断人魂”说的是谁？	 东方不败	 令狐冲	 江小鱼	 blank	1
937	在金庸小说中，“旷世豪杰遭奇恨，血仇难报怨天人”指的是谁？	 金毛狮王	 陆小凤	 江小鱼	 blank	1
938	在金庸小说中“每待瑶台萱草来，病身千里送父怀”指的是谁？	 杨不悔	 陆小凤	 楚留香	 blank	1
939	在金庸小说中“莠木难栖疾难康，玉陨乡野孤托谁”指的是谁？	 陆小凤	 江小鱼	 穆念慈	 blank	3
940	书法中的书圣是王羲之，当时有人与他齐名并称“二王”是谁？	 王徽之	 王玄之	 王献之	 blank	3
941	年第27届悉尼奥林匹克运动会中国获得了多少枚金牌？	 27块	 28块	 29块	 blank	2
942	在金庸小说中“江山想像痴魂里，玉殿虚无荒野中”指的是谁？	 江小鱼	 慕容复	 楚留香	 blank	2
943	《侠客行》中谁承诺“如果有人得到玄铁令就满足他三个条件”？	 丁不三	 丁不四	 谢烟客	 blank	3
944	在金庸小说总“身为执法实是凶，竟因狐媚丧天良”指的是谁？	 白世镜	 陆小凤	 韦小宝	 blank	1
945	截止2010年4月25日中国已经成为世界银行第几大股东国？	 第三大	 第四大	 第五大	 blank	1
946	萧峰于少室山英雄大会上，以一敌三的三维对手中，不包括何人？	 段延庆	 慕容复	 丁春秋	 blank	1
947	以现在所知道资料，太阳系八大行星中距离太阳最远的是哪一颗？	 天王星	 海王星	 冥王星	 blank	2
948	关羽为什么在赤壁之战后放走势单力薄的曹操？	 头脑发热	 报昔日之恩	 与张辽之交	 blank	2
949	五四运动后的新文化运动的性质属于什么主义？	 民主主义	 新民主主义	 旧民主主义	 blank	2
950	在耐力素质锻炼中，常采用的越野跑属于什么？	 比赛法	 重复练习法	 变换练习法	 blank	2
951	古代文学点集中，不属于儒家经典的是哪一部？	 《春秋》	 《大学》	 《道德经》	 blank	3
952	《飞狐外传》中胡斐在聚英楼赢得了什么东西？	 宝刀一口	 一座豪宅	 胡家的刀谱	 blank	2
953	在下列历史事件中，导致王朝更替的是哪一项？	 牧野之战	 安史之乱	 土木堡之变	 blank	1
954	《天竺国招亲降玉兔》故事中，谁收服了玉兔？	 嫦娥	 观音菩萨	 哪吒三太子	 blank	1
955	迪斯尼动画“美女与野兽”的主题曲是谁唱的？	 恩雅	 斯帕克斯	 惠妮休斯顿	 blank	2
956	下列哪一部并非英国文学家莎士比亚的作品？	 梁山伯与祝英台	 李尔王	 威尼斯商人	 blank	1
957	为了防止追尾，选择跟车时可以跟随哪种车辆？	 车速稳定的车	 出租车	 新手开的车	 blank	1
958	“刘三姐”是我国哪个少数民族民间传说中的人物？	 白族	 瑶族	 壮族	 blank	3
959	《唱支山歌给党听》这首歌是哪部电影的插曲？	 雷锋	 鸡毛信	 洪湖赤卫队	 blank	1
960	以下球类项目中上场队员人数最多的是哪一种？	 水球	 手球	 英式橄榄球	 blank	3
961	以下是科幻文学与主流文学不同之处是哪一个？	 情节宏大	 叙事视角超越人类	 充满幻想	 blank	2
962	覆盖着地球上面积最大的热带雨林是什么地方？	 亚马逊河流域	 中国云南地区	 非洲地区	 blank	1
963	下列哪个岛国不是欧洲国家？	 爱尔兰	 马尔代夫	 冰岛	 blank	2
964	世界上第一个在太空行走的男宇航员是哪一位？	 阿姆斯特朗	 艾伦谢泼德	 列昂诺夫	 blank	3
965	当哥伦布一只脚迈上新大陆后，紧接着做什么？	 收集黄金	 迈上另一只脚	 占领地盘	 blank	2
966	中国现代文学史上的第一部白话小说是哪一部？	 《呐喊》	 《狂人日记》	 《彷徨》	 blank	2
967	成年人的鼻子一天要处理大约多少公升的空气？	 两千公升	 一万四千公升	 一万公升	 blank	2
968	推广使用低硫低灰优质煤是为了控制什么污染？	 海洋污染	 煤烟型污染	 工业污染	 blank	2
969	下列哪位是日本战国大名“毛利元就”的儿子？	 吉川元春	 毛利小五郎	 吉川富郎	 blank	1
970	击败拿破仑的滑铁卢战役是反法联军指挥官是？	 瓦苏瓦涅	 威灵顿将军	 蒙哥马利	 blank	2
971	《死神》中护廷十三队中的第六番队副队长是？	 市丸银	 阿散井恋次	 志波空鹤	 blank	2
972	选项中的场景《达芬奇密码》中出现过的有？	 卢浮宫	 克里姆林宫	 白金汉宫	 blank	1
973	中国名著《西游记》中，猪八戒原来的职位是？	 卷帘大将军	 善财童子	 天蓬元帅	 blank	3
974	《火影忍者》男主角他老实手里捧的书叫什么？	 四神天地书	 原兽文书	 亲热天堂	 blank	3
975	“红樱5”导弹，是中国自行研制的哪种导弹？	 反坦克导弹	 防空导弹	 反舰导弹	 blank	2
976	乐队披头四的成员哪一位在1980年被暗杀？	 保罗麦卡尼	 林哥史达	 约翰连侬	 blank	3
977	相传吸血鬼德古拉是出现在下列哪个欧洲地区？	 阿尔巴尼亚	 突尼西亚	 罗马尼亚	 blank	3
978	中国乒乓球队在哪届世乒赛中包揽了全部冠军？	 第34届	 第36届	 第38届	 blank	2
979	些列哪一个比喻假借公事为名，报复私人恩怨？	 公报私仇	 私报公仇	 公事公办	 blank	1
980	公马跑的比母马快，猜一个成语？	 龙马精神	 万马奔腾	 快马如鞭	 blank	3
981	可以促进人体胃肠吸收钙的重要物质是哪一种？	 维生素d	 维生素b	 维生素c	 blank	1
982	第一次世界大战中法国于哪一年发动春季攻势？	1917	1918	1919	 blank	1
983	西方列强对中国的侵略，首先和主要的是？	 政治控制	 军事侵略	 经济掠夺	 blank	2
984	《火影忍者》“雷影”是哪个村的忍者的称号？	 云忍者村	 砂忍者村	 雾忍者村	 blank	1
985	著名球评家“阿叔”林尚义，毕业于哪间大学？	 中文大学	 香港大学	 东亚大学	 blank	1
986	_2012年奥运会开幕的时间是（北京时间）？	 7月26日	 7月27日	 7月28日	 blank	3
987	中国古代寿称中，“女子十五岁”被称为什么？	 碧玉年华	 及笄之年	 桃李之年	 blank	2
988	《鸳鸯刀》中太岳四侠中老二的绰号是什么？	 烟霞神龙	 双掌开碑	 流星赶月	 blank	2
989	新中国成立后，第一次参加奥运会是在哪一年？	 1952年	 1956年	 1980年	 blank	1
990	朱尔斯雷米特什么时候当选为国际足联主席？	 1921-7-1	 1921-3-1	 1919-2-1	 blank	2
991	帽子脏了要翻面再戴，猜一个成语？	 削足适履	 张冠李戴	 冠冕堂皇	 blank	2
992	中国第一艘核潜艇是哪一年在海军开始服役的？	 1973年	 1974年	 1975年	 blank	2
993	二战甲级战犯东条英机是哪一年被执行绞刑的？	2001	1948	1999	 blank	2
994	标志着抗日战争爆发的卢沟桥事变是在哪一年？	 1935年	 1936年	 1937年	 blank	3
995	和平解放北平是在解放战争三大战役中哪一次？	 辽沈战役	 淮海战役	 平津战役	 blank	3
996	《鸳鸯刀》中太岳四侠中的老三的绰号是什么？	 烟霞神龙	 流星赶月	 双掌开碑	 blank	2
997	大脑中的海马结构，主要是处理哪方面的能力？	 五感接受	 记忆能力	 思考能力	 blank	2
998	人体呼吸系统的组成是？	 呼吸道和肺	 气管和肺	 气管和支气管	 blank	1
999	中国第一长洞是？	 王屋山洞	 双河洞	 青城山洞	 blank	2
1000	世界电影中最高奖项是？	 金鸡奖	 金鹰奖	 奥斯卡金像奖	 blank	3
1001	怎么很好的治疗肩周炎？	 用电吹风对肩部吹	 用湿毛巾敷肩膀上	 做肩部运动	 blank	1
1002	怎么让蜡烛不“流泪”？	 蜡烛到冰箱里冷冻	 把蜡烛放在水里	 用纸包起来	 blank	1
1003	哪项不是铁人三项之一？	 攀岩	 天然水域游泳	 公路自行车	 blank	1
1004	世界上最长的致命蛇是？	 东部钻背响尾蛇	 白唇竹叶青	 舟山眼镜蛇	 blank	1
1005	世界上最长的海峡是哪里？	 莫桑比克海峡	 马六甲海峡	 阿拉斯海峡	 blank	1
1006	我国第一部有声影片是？	 《四郎探母》	 《定军山》	 《林则徐》	 blank	1
1007	世界上最大的葡萄树是？	 英格兰葡萄树	 巴西葡萄树	 越南葡萄树	 blank	1
1008	新一（柯南）的生日是？	 5月1日	 5月4日	 5月5日	 blank	2
1009	我国最早的神话小说是？	 《山海经》	 《古镜记》	 《搜神记》	 blank	3
1010	石油被人们赞誉为什么？	 工业的血液	 液体的金子	 黑色的钻石	 blank	1
1011	养生保健的第一要务是什么？	 吃饱喝足	 多做运动	 睡眠充足	 blank	3
1012	法国的国庆日是哪一天？	 5月5日	 7月14日	 8月5日	 blank	2
1013	《连城诀》原名叫什么？	 《素心剑》	 《玉心剑》	 《玉女剑》	 blank	1
1014	五四运动爆发于哪一年？	 1918年	 1919年	 1920年	 blank	2
1015	不属于中国四大佛山的是？	 普陀山	 武当山	 九华山	 blank	2
1016	杨过自创的武功叫？	 失魂落魄拳	 悲从中来剑	 黯然销魂掌	 blank	3
1017	北京话“坚果儿”是指？	 树上的果子	 漂亮的姑娘	 很深的胡同	 blank	2
1018	白日依山尽的下半句是？	 黄河入河流	 黄河还真黄	 黄河入海流	 blank	3
1019	标准女排的球网有多高？	 2.15米	 2.34米	 2.24米	 blank	3
1020	发烧是不宜喝什么饮料？	 茶类饮料	 果汁类饮料	 碳酸类饮料	 blank	1
1021	世界上最大的盆地是？	 刚果盆地	 扎伊尔盆地	 塔里木盆地	 blank	1
1022	唐僧取经的最后一难是？	 出城逢虎	 平顶山遇魔	 通天河落水	 blank	3
1023	龟苓膏是哪个省的特产？	 广东	 江苏	 广西	 blank	3
1024	世界上最曲折的海峡是？	 英卡海峡	 英吉利海峡	 麦哲伦海峡	 blank	3
1025	怎么有效舒缓眼部疲劳？	 毛巾浸小米草敷眼	 闭目养神	 睡两天两夜	 blank	1
1026	蚂蚁下雨前为什么要搬家？	 找个能躲雨的地方	 泥土气体熏走它们	 下雨前没有吃的	 blank	2
1027	怎么使家禽类食品解冻？	 放在冰箱里保鲜层	 用火解冻	 在水中解冻	 blank	3
1028	CLAMP的成名作是？	 《魔卡少女樱》	 《圣传》	 《X战记》	 blank	2
1029	谢霆锋的英文名是什么？	 尼古拉斯谢	 凯文谢	 萨缪尔谢	 blank	1
1030	《海贼王》的作者名字？	 尾田荣二郎	 久保带人	 尾田荣一郎	 blank	3
1031	下列哪位歌手已经逝世？	 新居昭乃	 冈崎律子	 Suara	 blank	2
1032	全球最大的群岛是什么？	 马德拉群岛	 马来群岛	 加那利群岛	 blank	2
1033	世界上最危险的海胆是？	 花海海胆	 马粪海胆	 换刺棘海胆	 blank	1
1034	北美车展的前身是什么？	 京东车展	 北京车展	 底特律车展	 blank	3
1035	些列哪个高原面积最大？	 巴西高原	 青藏高原	 内蒙古高原	 blank	1
1036	好莱坞位于美国哪个州？	 加利福尼亚州	 纽约州	 德克萨斯州	 blank	1
1037	东邪黄药师的绝技是？	 弹指神功	 蛤蟆功	 降龙十八掌	 blank	1
1038	河流中流入太平洋的是？	 叶尼塞河	 恒河	 湄公河	 blank	3
1039	世界上生长最慢的树是？	 木盐树	 铁桦树	 尔威兹加树	 blank	3
1040	克林斯曼的绰号是什么？	 小毛驴	 矮脚虎	 金色轰炸机	 blank	3
1041	世界上最长的运河的是？	 黄河	 多瑙河	 京杭大运河	 blank	3
1042	国民经济的主导产业是？	 工业	 农业	 交通运输业	 blank	1
1043	以下武器威力最大的是？	 严正抗议	 QNMLG	 blank	 blank	2
1044	双飞燕来自于哪个术语？	 国际象棋术语	 中国象棋术语	 围棋术语	 blank	3
1045	省市中，哪一个不是中国主要的煤炭集中产地？	 河北	 山西	 内蒙古	 blank	1
1046	在黄日华版《天龙八部》中陈浩民扮演谁？	 虚竹	 段誉	 萧峰	 blank	2
1047	台湾阳明山未被称为“阳明山”之前的名称是？	 草山	 屯山	 虾夷山	 blank	1
1048	下列哪个国家是在烈日炎炎的夏季度过圣诞的？	 荷兰	 波兰	 新西兰	 blank	3
1049	《歌声魅影》故事剧情是发生在哪国的歌剧院？	 纽约	 巴黎	 芝加哥	 blank	2
1050	典故“负荆请罪”中的负荆者是向谁请罪的？	 商鞅	 管仲	 蔺相如	 blank	3
1051	世界上被称为“造船之都”的地方在什么国家？	 荷兰	 丹麦	 西班牙	 blank	1
1052	华佗在医学来划分的话，他应该属于哪科医生？	 内科	 外科	 急诊科	 blank	3
1053	拿破仑统治时期，法国的主要对手是哪个国家？	 德国	 英国	 意大利	 blank	2
1054	世界上第一门火箭炮是由哪个国家研制成功的？	 美国	 德国	 前苏联	 blank	3
1055	麦克斯韦方程组是一组描述什么东西的方程组？	 力学	 光波	 电磁场	 blank	3
1056	_2012年哪个国家向中国挑起了黄岩岛之争？	 美国	 日本	 菲律宾	 blank	3
1057	著名诗句“对酒当歌，人生几何？”是谁写的？	 曹操	 刘备	 诸葛亮	 blank	1
1058	既属于哺乳动物，又属于生蛋来繁殖后代的是？	 蛇	 鲸鱼	 鸭嘴兽	 blank	3
1059	“贫乳是稀有价值”这震撼的话出自谁人之口？	 朽木露琪亚	 麻弓百里香	 戈薇	 blank	3
1060	如果所有的妇女都有大衣，那么漂亮的妇女会有？	 更多的大衣	 时髦的大衣	 大衣	 blank	3
1061	NBA2012最佳第六人的获得者是谁？	 特里	 大胡子哈登	 乐福	 blank	2
1062	中国美术的起源和萌芽时期是哪个时代的美术？	 盘古开天地时代	 石器时代	 现代	 blank	2
1063	马拉松长跑来源于马拉松战役，它的爆发地是？	 古代罗马	 古代希腊	 中国	 blank	2
1064	地球上最大的天体撞击坑叫伏利德佛坑，它在？	 加拿大	 澳大利亚	 南非	 blank	3
1065	世界上温带大陆性气候分布面积最广的国家是？	 俄罗斯	 加拿大	 中国	 blank	1
1066	冰箱或空调泄露的哪种物质会破坏大气层臭氧层？	 一氧化碳	 二氧化碳	 氟利昂	 blank	3
1067	植物中，既为观赏性植物又可使用的是哪种？	 仙人掌	 沙漠玫瑰	 吊兰	 blank	1
1068	下列《哆啦A梦》中的人物中，学习最好的是？	 小夫	 出木衫君	 大雄	 blank	2
1069	唯一一位作为队长和主帅夺得世界杯的人是谁？	 贝肯鲍尔	 扎加洛	 雅凯	 blank	1
1070	世界上第一个在NBA首发的中国球员是哪位？	 巴特尔	 易建联	 姚明	 blank	1
1071	周星驰在电影《行运一条龙》里饰演什么角色？	 周星星	 何金水	 常欢	 blank	2
1072	唐朝的“三司推事”没有以下的哪一司法机关？	 大理寺	 御史台	 廷尉	 blank	3
1073	世界部分首都是以人名命名的下列哪个不是？	 华盛顿	 莫斯科	 巴黎	 blank	2
1074	下列哪一种舞蹈不属于“国际标准舞”的一种？	 华尔兹	 黏巴达	 探戈	 blank	2
1075	首位登上奥斯卡颁奖典礼献唱的华语歌手是谁？	 王力宏	 萧亚轩	 李玟	 blank	3
1076	赵志敏在英雄大会上违背誓言，被谁打了一拳？	 尹志平	 小龙女	 杨过	 blank	2
1077	与“指鹿为马”典故有关的历史人物是哪一位？	 李斯	 吕不韦	 赵高	 blank	3
1078	成语“纸上谈兵”出自下列由哪一位故人事迹？	 赵括	 诸葛亮	 周瑜	 blank	1
1079	在韦小宝的7位夫人中，他最先与哪位相遇？	 双儿	 沐剑屏	 方怡	 blank	2
1080	国际足球协会（FIFA）总部在哪个城市？	 纽约	 苏黎世	 伦敦	 blank	2
1081	春天一堆满天飘舞的白色毛毛是什么树产生的？	 银杉	 梅花树	 柳树	 blank	3
1082	中国传统建筑中常用的琉璃瓦是一种什么材质？	 铁器	 青铜器	 陶瓷	 blank	3
1083	世界上第一个国家颁布的药典出现在哪个国家？	 英国	 意大利	 中国	 blank	3
1084	山重水复疑无路，柳暗花明又一春是谁的诗句？	 李白	 辛弃疾	 陆游	 blank	3
1085	游记文学中千古绝唱《永州八记》是谁的作品？	 韩愈	 柳宗元	 李贺	 blank	2
1086	被列为“世界十大文豪”之一的中国文学家是？	 矛盾	 郭沫若	 鲁迅	 blank	3
1087	世界上第一只鼠标在哪间美国大学发明的？	 史丹福大学	 中文大学	 麻省理工学院	 blank	1
1088	下列我国哪个古迹被誉为“世界八大奇迹”？	 万里长城	 乐山大佛	 秦始皇兵马俑	 blank	3
1089	“一日不见如隔三秋”里的“三秋”是指？	 三个月	 三年	 三个季度	 blank	3
1090	一般来说，味厚的滋补药宜用什么火煎？	 文火	 武火	 先文火后武火	 blank	1
1091	哪种茶对预防牙龈发炎有比较不错的效果？	 绿茶、红茶	 百合花茶、茉莉花茶	 黄茶、白茶	 blank	1
1092	足球运动中的角球区位于球场的哪一部分？	 四个边角	 球门前十公尺范围	 球场正中央	 blank	1
1093	“剑气碧烟横”是金庸哪部小说中的章节？	 《天龙八部》	 《白马啸西风》	 《碧血剑》	 blank	1
1094	“祸起萧墙”的“萧蔷”指的究竟是什么？	 宫殿大门对面矮墙	 竹子做的屏风	 萧国墙	 blank	1
1095	经常吃一下哪种食物容易铅中毒？	 油条	 松花蛋	 粉条	 blank	2
1096	下面哪一个不是构成大满贯的网球公开赛？	 温布尔登公开赛	 美国公开赛	 德国公开赛	 blank	3
1097	周润发第一部当男主角的电视剧是哪一部？	 《江湖小子》	 《网中人》	 《上海滩》	 blank	1
1098	古诗词“好雨知时节”的下一句？	 当春乃发生	 润物细无声	 花重锦官城	 blank	1
1099	下面哪部著作不属于明代四大奇书之一？	 《三国演义》	 《红楼梦》	 《西游记》	 blank	2
1100	非洲第一高峰乞力马扎罗山的海拔有多高？	5895	5958	8559	 blank	1
1101	农业产业化的主要特征不包括下列哪一个？	 农业科学化	 服务社会化	 农业专业化	 blank	1
1102	第一次由两个德国参加的世界杯是哪一年？	 1970年	 1974年	 1978年	 blank	2
1103	抗日战争中，中国军民伤亡总人数是多少？	 3500万	 4500万	 5500万	 blank	1
1104	基督教的重要节日“圣诞节”是在哪一天？	 12月1日	 12月25日	 1月1日	 blank	2
1105	一般人的眼睛可以分辨多少种不同的颜色？	 100万种	 700万种	 300万种	 blank	2
1106	B-2隐形飞机是在什么时候首次飞行的？	 1989年7月17日	 1999年9月11日	 2001年7月17日	 blank	1
1107	奥运会传递火炬的仪式是从哪一年开始的？	 1982年	 1928年	 1892年	 blank	2
1108	第一届欧洲足球锦标赛是在哪一年举办的？	 1960年	 1906年	 1690年	 blank	1
1109	综艺节目《天天向上》最初举办的时间是？	 2007年	 2008年	 2009年	 blank	2
1110	古人“稽首”之礼是用于什么关系的拜礼？	 平辈之间	 陈子对君王	 上级对下级	 blank	2
1111	位于马来半岛和苏门答腊岛之间的海峡是？	 马六甲海峡	 白令海峡	 土耳其海峡	 blank	1
1112	以下哪一项属于社会保障法律制度的体系？	 优抚法律制度	 卫生制度	 保障金制度	 blank	1
1113	全国性抗日战争爆发的标志是哪一个事件？	 九一八事件	 七七事变	 一二八事件	 blank	2
1114	成语“戴圆履方”之中“戴圆”是指什么？	 戴一顶帽子	 头顶天空	 头顶是圆的	 blank	2
1115	明确规定台湾必须归还中国的国际会议是？	 德黑兰会议	 开罗会议	 华盛顿会议	 blank	2
1116	连接太平洋和大西洋的著名海峡是哪一个？	 麦哲伦海峡	 白令海峡	 马六甲海峡	 blank	1
1117	中国古代社会中常讲的“气节”是指什么？	 气候情况	 人的情绪	 节操与志气	 blank	3
1118	《火影忍者》是哪位日本漫画家的代表作？	 岸本齐史	 青山刚昌	 高桥留美子	 blank	2
1119	下列哪一部动画片是由迪士尼公司出品的？	 哪吒闹海	 千与千寻	 美女与野兽	 blank	3
1120	提出“凡物皆数”思想的数学家是哪一位？	 哥德巴赫	 阿基米德	 毕达哥拉斯	 blank	3
1121	《少年阴阳师》中安倍家谁没有见鬼能力？	 安倍露树	 安倍昌亲	 安倍若菜	 blank	1
1122	以下四座铁塔中，哪一位是世界上最高的？	 东京塔	 日本灯塔	 埃菲尔铁塔	 blank	1
1123	电影“破坏之王”中哪种武功没出现过？	 铁砂掌	 九阳神功	 电光毒龙转	 blank	2
1124	哪项赛事是男子羽毛球团体锦标赛的奖杯？	 汤姆斯杯	 尤伯杯	 斯韦思林杯	 blank	1
1125	中国唯一一条流入北冰洋的河流是哪一条？	 黑龙江	 松花江	 喀尔齐斯河	 blank	3
1126	周星驰在电影《国产凌凌漆》中的武器？	 斩骨刀	 双截棍	 要你命三千	 blank	1
1127	鲫鱼的内耳除了听觉以外，还有什么作用？	 平衡身体	 嗅觉	 探测超声波	 blank	1
1128	任天堂最早经营的日本纸牌，俗称是什么？	 花札	 手札	 魔法风云会	 blank	1
1129	从种族构成上看，拉丁美洲的人种主要是？	 混血人种	 黄色人种	 黑色人种	 blank	1
1130	“高山仰止景行行止”常用来比喻什么？	 山太高了	 对高尚品德的仰慕	 仰视天空	 blank	2
1131	通常用来赞扬男孩的“帅”最初是指什么？	 长相英俊好看	 行动潇洒利索	 精神抖擞	 blank	3
1132	著名艺人周星驰参演的第一部电影是什么？	 《霹雳先锋》	 《霹雳娇娃》	 《赌圣》	 blank	1
1133	马克思主义中国化理论成果的精髓是什么？	 理论联系实际	 人格化	 实事求是	 blank	3
1134	有记录的世界上飞翔距离最远的是什么鸟？	 印度天鹅	 波罗的海鱼鸥	 北极燕鸥	 blank	3
1135	不是男人肾虚的表现的是？	 腰酸	 无缘无故感觉口咸	 非常怕冷	 blank	1
1136	_2009年“四大天王”之一的刘德华公开了自己的恋情，请问他的太太是？	 赵薇	 郑秀文	 朱丽倩	 blank	3
1137	在2000年，国际足联将中国的哪位足球运动员被评为“世界最佳女球员”？	 孙雯	 马晓旭	 古雅沙	 blank	1
1138	_2006年国际天文联合会重新定义行星这个名词，将哪一个行星排除外？	 冥王星	 地球	 天王星	 blank	1
1139	他是史上著名的大前锋，曾先后效力于费城76人、太阳队和火箭队，他是？	 巴克利	 邓肯	 加内特	 blank	1
1140	“沉鱼落雁闭月羞花”指的是中国古代的四大美女，其中“闭月”是指？	 貂蝉	 西施	 王昭君	 blank	1
1141	“昔年有狂客，号尔谪仙人。笔落惊风雨，诗成泣鬼神”是纪念谁的文章？	 李白	 曹操	 司马懿	 blank	1
1142	曹植七步成诗，相传历史上还有两位三步就能成诗的人，他们是柳公权和谁？	 寇准	 苏轼	 白居易	 blank	1
1143	A问程序员借1000快，程序猿说好，结果A哭了，问程序猿给了多少钱？	 一千块	 一百块	 八块	 blank	3
1144	在《逃学威龙2》里面，星爷一群人在见到训导主任达叔后，星爷的反应是？	 跌眼睛	 掉裤子	 晕倒	 blank	2
1145	金毛狮王谢逊为了抢夺七伤拳谱，曾上山打伤崆峒五老，位居崆峒五老的有？	 宗维侠	 元广波	 关能	 blank	3
1146	“不是东风压了西风，就是西风压了东风”一语出自《红楼梦》中何人之口？	 林黛玉	 史湘云	 探春	 blank	1
1147	第三次中东战争中，埃及发射的什么导弹击沉以色列“埃拉特”号驱逐舰？	 飞鱼	 捕鲸叉	 冥河	 blank	3
1148	很多国家都用一种花卉做为自己国家的国花，请问向日葵是哪个国家的国花？	 秘鲁	 阿根廷	 巴西	 blank	1
1149	斯巴达克起义是世界古代史上最大的一次奴隶起义，其反抗的是哪一个帝国？	 罗马	 马其顿	 奥匈	 blank	1
1150	_1966年文化大革命开始时，担任中华人名共和国国防委员会主席的是谁？	 刘少奇	 朱德	 林彪	 blank	1
1151	创造社是“五四”新文化运动初期形成的文学社团，请问哪位名人不在其中？	 郭沫若	 田汉	 鲁迅	 blank	3
1152	有一只蚊子它只叮《鼠牛虎兔龙蛇马羊猴鸡猪》轻微这只蚊子叫什么名字？	 布丁狗	 文文	 丁丁	 blank	1
1153	以偏甜、偏淡、偏酸的“三偏”为特色，以佛跳墙、炒西施舌等为名菜的是？	 浙菜	 闽菜	 川菜	 blank	2
1154	萧峰为救段誉，拿住的是慕容复的哪一处穴道，才让段誉逃过的那一笔之厄？	 大椎	 少阳	 少阴	 blank	1
1155	有的鸟长大后会找食物喂母亲，被称为“反哺”下列哪种鸟会“反哺”？	 乌鸦	 麻雀	 燕子	 blank	1
1156	如果购买一批服装，那么在浅谈合同条款时，就服装的款式可要求卖方提供？	 商标	 产地	 样品	 blank	3
1157	有一种东西，买的人知道，卖的人也知道，只有用的人不知道，是什么东西？	 礼物	 食物	 棺材	 blank	3
1158	吉他在室内乐和管弦乐中，扮演着相当程度的陪衬角色，请问吉他有几根弦？	 5跟	 6跟	 7跟	 blank	2
1159	中国古代官职之中，称为“司马”或“大司马”的官员，通常掌管什么事务？	 军事	 刑法	 吏治	 blank	1
1160	乔丹职业生涯中球衣号码为23号，除了梦之队的9号他还穿过多少号的球衣？	 32号	 45号	 25号	 blank	3
1161	《阿甘正传》中的丹尼斯上尉在战争中受伤称为残疾，他受伤的部位是什么？	 双腿	 眼睛	 左腿	 blank	1
1162	“五经”是儒家作为研究基础的古代五本经典书籍，下面哪一本不包含在内？	 诗经	 战国	 尚书	 blank	2
1163	隧道内一般都有明亮的钠灯，可防止眼睛疲劳。这种钠灯的灯光是什么颜色的？	 橘色	 红色	 白色	 blank	1
1164	“21金维他”中含有铁，钾，钙等多种成分，那么其中的铁和钙是指什么？	 原子	 单质	 元素	 blank	3
1165	如以1931年9.18作为中国抗日战争的起点，那么抗战一共是多少年？	 14年	 12年	 13年	 blank	1
1166	中国人民解放军第一所正规海军学校于1949年11月在什么地方创办的？	 大连	 杭州	 广州	 blank	1
1167	虽然所有的鱼卵都可以做成鱼子酱，但正宗的鱼子酱是由哪种鱼的鱼卵所制成？	 鳄鱼	 鲑鱼	 鲟鱼	 blank	3
1168	篮球规则中，进攻一方多少秒内没有将球投出进篮或碰到对方篮筐算犯规？	 12秒	 24秒	 36秒	 blank	2
1169	马克12岁，是他弟弟的年龄三倍，马克几岁时才能是他弟弟年龄的两倍？	 14岁	 16岁	 18岁	 blank	2
1170	一九二九不出手，三九四九冰上走。“数九天气”是从神恶魔时候开始计算的？	 冬至	 小寒	 大雪	 blank	1
1171	五月一日是劳动节，最早的典故是因为哪个国家发生“干草市场暴利”事件？	 法国	 美国	 印尼	 blank	2
1172	周星驰电影《鹿鼎记》中韦小宝左脚脚底刻“清明”右脚脚底刻什么字？	 反复	 中秋	 重阳	 blank	3
1173	每一个少数民族都有自己喜爱的颜色，生长在大草原的蒙古族喜爱什么颜色？	 白色	 黄色	 红色	 blank	1
1174	传统漫画家常常使用一种特殊纸张让漫画产生各种灰阶效果，该纸张统称为？	 网点	 灰彩	 点纸	 blank	1
1175	比利时著名的撒尿小孩铜雕平时他尿的是自来水，那狂欢节他尿的是什么？	 啤酒	 茶	 香槟	 blank	1
1176	世界上大多数地方的海水每天都有2次涨落，其中白天海水上涨呗叫做什么？	 潮	 涌	 汐	 blank	1
1177	奥林匹克会旗中央的五环象征五大洲的团结，请问五环中没有下列哪个颜色？	 黄	 红	 紫	 blank	3
1178	在1984年美国洛杉矶奥运会中“体操皇子”李宁总共获得多少面金牌？	1	2	3	 blank	3
1179	中国戏曲中的人物角色可分为生旦净末丑哪一个是女角色的统称？	 生	 旦	 净	 blank	2
1180	盆里有6只罐头，6个小朋友每人分到1只，但盆里还留着1只，有可能吗？	 可能	 不可能	 我不知道	 blank	1
1181	小明拿10元买切糕，切糕4.5元1两，他买了2两，问剩余多少钱？	 1元	 剩一个肾	 没有2两的切糕	 blank	1
1182	“父母威严而有慈，则子女畏慎而生孝矣。”说明孩子的教育应该怎么样？	 应该严格	 应该慈爱	 应该严格慈爱结合	 blank	3
1183	牛顿说“力的作用是相互的”根据这个定理，我们可以得出什么结论？	 扁人跟被扁一样的	 被车撞了要赔钱	 力的作用属于相互	 blank	3
1184	田径长距离赛跑总是逆时针方向、向左侧转弯绕圈，主要科学依据是什么？	 保护偏左的心脏	 左脚比右脚有力	 裁判员的视觉习惯	 blank	2
1185	香港著名的旅游胜地“星光大道”位于？	 尖沙咀	 旺角	 铜锣湾	 blank	1
1186	中国建设银行发行的信用卡是哪一个？	 长城卡	 龙卡	 金穗卡	 blank	2
1187	世界上第一辆坦克车是由哪国生产的？	 英国	 法国	 意大利	 blank	1
1188	昆虫中是哪一个是世界上最长的昆虫？	 蜻蜓	 蚂蚱	 竹节虫	 blank	3
1189	世界上“三大球”运动不包括哪一种？	 足球	 篮球	 橄榄球	 blank	3
1190	腊八粥据说是从哪个国家传入中国的？	 日本	 印度	 阿拉伯	 blank	2
1191	被称为中国“瓷都”的是指哪一城市？	 淄博	 临汝	 景德镇	 blank	3
1192	长枪与短枪哪个射出去的子弹打得远？	 长枪	 短枪	 都一样	 blank	1
1193	有“风车之国”美誉的国家是哪一个？	 荷兰	 瑞士	 葡萄牙	 blank	1
1194	赵薇在《还珠格格》中扮演的角色是？	 紫薇	 金锁	 小燕子	 blank	3
1195	东汉末年我国的一位杰出的医学家是？	 扁鹊	 华佗	 李时珍	 blank	2
1196	男人丧妻再娶叫续弦的说法与谁有关？	 师旷	 嵇康	 俞伯牙	 blank	3
1197	为了反击匈奴，汉武帝派谁出使西域？	 张飞	 张寨	 张三丰	 blank	2
1198	以下没有把石破天错认成石中玉的是？	 阿绣	 闵柔	 白万剑	 blank	1
1199	黄河壶口瀑布位于陕西与哪个省之间？	 山西	 河南	 内蒙古	 blank	1
1200	以下哪项图案不会出现在我国国徽中？	 狮子	 麦穗	 天安门	 blank	1
1201	进浴室洗澡时，要先脱衣服还是裤子？	 衣服	 裤子	 先关门	 blank	3
1202	中国历史上唯一一个当了3次皇帝的是？	 刘禅	 溥仪	 武则天	 blank	2
1203	哪一种标本不需要显微镜就能看清楚？	 孢子	 香菇	 酵母菌	 blank	2
1204	“伊索寓言”是源自哪个国家的创作？	 埃及	 希腊	 阿拉伯	 blank	2
1205	“木偶奇遇记”是谁创作的童话作品？	 格林兄弟	 卡洛科洛迪	 伊索	 blank	2
1206	观世音菩萨后来为什么被称为“观音”？	 最初翻译错误	 简省的说法	 避讳	 blank	3
1207	冲浪这项水上运动是哪里的古老文化？	 加勒比海	 波利西尼亚	 琉球	 blank	2
1208	阿尔卑斯山脉的最高的山峰是那一座？	 勃朗峰	 珠穆朗玛峰	 华山	 blank	1
1209	以下哪一部并非周星驰所主演的电影？	 武状元苏乞儿	 戏王之王	 济公	 blank	2
1210	印度最大的港口和棉纺织工业中心是？	 加尔各答	 班加罗尔	 孟买	 blank	3
1211	元素周期表是哪位科学家最先制作的？	 桑杰尔夫	 门捷列夫	 牛顿	 blank	2
1212	我国现存规模最大的古代皇家园林是？	 颐和园	 避暑山庄	 北海	 blank	2
1213	下列哪一个名称的由来与伍子胥有关？	 新郎	 千金小姐	 月老	 blank	2
1214	下列少数民族中哪个民族不忌讳吃猪肉？	 满足	 哈萨克族	 回族	 blank	1
1215	男人抱澡堂，打一军事用品？	 炮弹	 ak47	 鱼雷	 blank	1
1216	下面这些交通工具中，哪种速度最快？	 飞机	 高速列车	 轮船	 blank	1
1217	古代“凌迟处死”是一种怎样的刑法？	 砍头	 千刀万剐	 吊死	 blank	2
1218	哪个国家是世界上最大的钻石产出国？	 中国	 澳大利亚	 南非	 blank	3
1219	著名雕塑创作“大卫像”的作者是谁？	 米开朗基罗	 达文西	 罗丹	 blank	1
1220	著名雕塑创作“沉思者”的作者是谁？	 米开朗基罗	 达文西	 罗丹	 blank	3
1221	《清明上河图》是下列哪一位的作品？	 画圣吴道子	 张择端	 夏娃	 blank	2
1222	历史上谁发现了白光是七色光组成的？	 爱因斯坦	 迈巴赫	 牛顿	 blank	3
1223	哪部动漫不是CLAMP创作的人物？	 南夏奈	 小叽	 法伊	 blank	1
1224	世界上最大的椰子产生国是什么国家？	 马来西亚	 菲律宾	 日本	 blank	1
1225	中国邮政特快专递的英文缩写是哪三个字母？	 PPS	 POS	 EMS	 blank	3
1226	下列哪一位球员有“足球金童”之称？	 贝克汉	 罗纳度	 比利	 blank	1
1227	“宣父”一词最早是谁加封给孔子的？	 唐太宗	 周文王	 曹操	 blank	1
1228	我国抗日战争期间八路军的总指挥是？	 毛泽东	 周恩来	 朱德	 blank	3
1229	《荷塘月色》的作者是下面哪位作家？	 朱自清	 茅以升	 老舍	 blank	1
1230	中国历史上哪一位皇帝在位时间最长？	 秦始皇	 汉武帝	 康熙	 blank	3
1231	金庸笔下哪个武林组织曾大闹紫禁城？	 天地会	 红花会	 丐帮	 blank	2
1232	南京著名旅游景点中山陵在哪座山上？	 富贵山	 清凉山	 钟山	 blank	3
1233	危险的反义词是？	 安逸	 安全	 安心	 blank	2
1234	天平天国定都在？	 开封	 南京	 北京	 blank	2
1235	金钱豹属于我国几级保护动物？	 Ⅰ级	 Ⅱ级	 Ⅲ级	 blank	1
1236	李宇春的绰号是？	 女神	 G奶	 小葱	 blank	3
1237	圆真的师父是谁？	 空见	 空间	 空智	 blank	1
1238	大象的妈妈是谁？	 猩猩	 蚂蚁	 狐狸	 blank	1
1239	哪些果实是核果？	 樱桃	 核桃	 苹果	 blank	1
1240	辣妹什么地方最香？	 嘴巴	 处处	 头发	 blank	2
1241	鸵鸟的原产地是？	 澳洲	 非洲	 中国	 blank	2
1242	借什么可以不还？	 钱	 铅笔	 借过	 blank	3
